Source Family, Source Genus, Source Subfam, Target Family, Target Genus, Target Subfam, Target Lat, Target Long, Target wals code, wals values ++

"Austronesian","Sulawesi",,"Austronesian","Oceanic","Eastern Malayo-Polynesian",-8.5,179.166666667,tvl,,,,,,,,,,,,,,,,,,,,,,,,,,,,,,,,,1,1,1,7,6,5,3,1,1,,,,3,1,3,,,2,,,1,1,9,,,5,2,,,,,,,,6,,2,,,,,5,2,,,,2,3,3,,,,,,5,,2,1,,2,2,2,2,1,1,,1,,,,,,6,3,,2,2,2,,,,,,,,,,,3,4,8,5,3,2,,,,4,6,,,,,1,,,,3,2,2,1,,,,,,,,,,,,,,,,,,1,,,,1,4,4,13,3,,,,,,,,,,,,,,,,,,,,,,,1
"Austronesian","Sulawesi",,"Austronesian","Central Malayo-Polynesian",,-9,126,ttn,1,2,3,2,4,1,1,2,,,,1,3,1,,,,,1,1,,,,,,,,,1,,,,,,,7,4,,,1,2,,,,,,,,2,,,,,,9,,,2,2,,4,,,,,,,,1,,,,,5,5,2,,,,,,,,,,,2,,1,2,1,2,1,2,2,2,1,,1,,,,,2,2,2,1,4,4,4,,,,,,,,4,,,,,,,,,2,,,1,1,,,,,,,,2,,,,,,,,,,,,,,,,,,,,,,1,,,,1,4,4,2,3,,2,,,,4,1,7,4,,,,,,,,,,,,,,
"Austronesian","Sulawesi",,"Austronesian","Oceanic","Eastern Malayo-Polynesian",-2.7166666667,150.8,tgk,1,2,2,2,1,1,1,5,,,,1,2,1,2,8,1,5,1,1,,,,,,,,,1,1,,,,,,7,,,,1,1,,,,,,,6,,,,3,,,9,1,,,,,2,,,,,,,1,,,,,,5,,,,,,,,,,,,,2,,1,2,1,2,2,2,2,1,1,,1,,,,,2,2,2,1,4,4,4,,,2,4,3,1,1,,,2,,,,,,4,4,,,,1,5,1,1,2,,,,,,,,,,,,,,,,,,,,,,,,,,1,,,,1,4,4,2,3,,2,,,,4,1,7,4,,,,,,,,,,,,,,
"Austronesian","Sulawesi",,"Austronesian","Meso-Philippine",,15,121,tag,3,2,3,2,2,1,1,2,1,2,,1,2,1,6,8,6,1,1,1,1,3,1,2,3,5,5,2,1,1,1,1,2,2,2,7,4,4,3,,,5,,1,3,1,1,6,3,5,2,1,1,3,,2,6,7,1,3,,2,1,1,4,2,2,1,1,1,4,1,4,1,1,2,4,1,1,3,1,2,4,4,5,1,3,,2,2,,,2,3,6,1,1,,1,6,,,,,3,1,1,,4,5,1,1,1,,1,1,1,4,2,2,3,4,3,3,2,2,2,1,7,1,1,3,1,1,1,,4,5,1,3,2,2,1,2,2,,1,,,,,1,1,1,2,1,,,,3,1,,,,1,4,4,9,3,,,,,,,,,,,,,,,,,,1,,1,6,4,
"Austronesian","Sulawesi",,"Austronesian","Sundanese",,-7,107,sun,,,,,,,,,,,,,,,1,3,5,,,,,,,,,,,,1,1,,,,,,5,4,,,,4,,,,,,,6,,,,2,,,9,,,,,,,,,,,,,,1,2,4,2,2,5,,,,,,,,,,,,,2,,1,2,,2,2,2,2,1,1,,1,,,,,3,1,2,1,4,4,4,,,1,,1,1,1,4,,1,,,,,,2,4,,,,1,,1,1,2,,,,1,,,,,,,,,,,,,,,,,2,,,,,1,,,,1,4,4,2,3,,2,,,,4,1,7,4,,,,,,,,,,,,,,
"Austronesian","Sulawesi",,"Austronesian","Tsouic",,22.8333333333,120.833333333,ruk,3,1,4,4,2,1,1,2,,,,1,2,1,,,,,1,5,,,,,,,,,4,1,,,,,,1,,,,,,,,,,,,,,,,,,,9,,,,1,,2,,,,,,,,,1,1,1,3,1,,,,,,,,,,,,,7,2,2,2,,2,2,3,1,1,7,2,2,,,,,1,6,2,,4,5,5,,,,2,,,,,,,,,,,,2,3,,,,6,,,,,,,,,,,,,,,,,,,,,,,,,,,,,,1,,,,1,4,4,16,3,,,,,,,,,,,,,,,,,,5,,1,6,4,
"Austronesian","Sulawesi",,"Austronesian","Oceanic","Eastern Malayo-Polynesian",6.8833333333,158.25,poh,1,3,1,1,1,1,1,2,,,,1,3,1,,,,,1,1,,,,,,,,,3,1,,,,,,9,,,,,1,,,,3,2,1,,3,,,,,,9,,,,3,,2,2,4,2,,,,,,,,,,4,,,,,,,,1,1,,,,2,,1,2,1,2,3,2,2,2,1,,1,,,,,3,6,3,1,4,4,4,,,,,,,,,,,,,,,,,2,,,,6,,,,,,,,,,,,,1,2,,1,,,,,,,,,2,,,,,1,,,,1,4,4,2,3,,2,,,,4,1,7,4,,,,,,,,,,,,,,
"Austronesian","Sulawesi",,"Austronesian","Palauan",,7.5,134.583333333,pal,,,,,,,,,,,,,,,,,,,,,,,,,,,,,5,,,,1,1,1,1,3,,,5,5,,,,,,2,6,,2,,2,1,1,9,2,6,,,,2,,,,,,,2,1,,,,,1,5,1,1,2,,,,,,,,,2,,1,2,1,2,2,1,1,1,1,,1,,,,,1,6,2,1,4,4,3,,,2,,5,2,2,3,,1,,,,,,2,2,,,,4,3,,,,1,,,1,,,,,1,2,,,,,,,,,,,,,,,,1,,,,1,4,4,2,3,,2,,,,4,1,7,4,,,,,,,,,,,,,,
"Austronesian","Sulawesi",,"Austronesian","Oceanic","Eastern Malayo-Polynesian",6.6666666667,159.75,mok,,,,,,,,,,,,,,,,,,,,,,,,,,,,,3,1,,,1,1,1,8,6,5,,2,1,,,,3,,1,,,,,,1,1,9,1,,,3,,2,,,,,,,1,,,,,,4,5,2,1,2,2,1,3,,,4,5,1,2,,3,2,,2,3,2,2,2,1,,1,,,,,1,1,1,1,4,4,4,,,,5,,,,,,,,,,,,,2,,,,1,3,1,1,2,,,,,3,1,1,,1,2,,,,,,,,,,,,,,,,1,,,,1,4,4,2,3,,2,,,,4,1,7,4,,,,,,,,,,,,,,
"Austronesian","Sulawesi",,"Austronesian","Barito",,-20,47,mal,3,1,5,4,2,1,1,2,1,2,,1,2,1,6,8,1,5,1,1,1,1,1,3,2,5,5,2,1,1,1,3,1,1,1,9,,4,1,1,4,5,,1,5,1,,6,1,2,1,3,1,3,7,,6,6,1,3,4,2,1,1,4,5,,1,,1,4,2,4,1,4,4,1,2,2,3,3,1,1,4,5,1,4,,2,2,1,2,2,2,5,2,1,,1,,,,,,5,1,1,4,4,4,2,2,1,1,1,1,1,,2,1,3,4,3,3,2,2,2,1,7,,1,5,1,1,1,4,4,5,,1,1,1,,2,2,,1,,,,,1,1,1,1,2,,,,2,1,,,,1,4,4,12,3,,,,,,,,,,,,,,,,,,4,,1,6,4,
"Austronesian","Sulawesi",,"Austronesian","Oceanic","Eastern Malayo-Polynesian",-8.95,161,kwa,2,2,3,1,1,1,1,2,,,,1,1,1,6,8,1,,1,1,,,,,,,,,,,,,,,,7,4,4,,,,,,,2,,,,,,,,,,,,,,,,,,,,,,,1,1,,,,,,5,4,2,2,,,,,,,,,2,,1,2,1,2,,2,2,1,,,,,,,,,,,,4,,4,,,,4,,,,1,,,,,,,,2,2,,,,,,1,1,2,,,,2,,,,,1,2,,,,,,,,,,,,,,,,1,,,,1,4,4,2,3,,2,,,,4,1,7,4,,,,,,,,,,,,,,
"Austronesian","Sulawesi",,"Austronesian","Oceanic","Eastern Malayo-Polynesian",5.3,163,kos,,,,,,,,,,,,,,,,,,,,,,,,,,,,,1,,,,,,,,,5,,1,4,,,,3,1,1,6,2,,,3,1,1,9,,,,3,,2,,,,,,,,,,,,,5,,,,,,,,,,,,,2,,1,2,1,2,2,2,2,2,1,,1,,,,,1,1,2,1,4,4,4,,,2,,5,2,2,,,1,,,,,,2,2,,,,1,,,,,,,,,,,,,1,2,,,,,,,,,,,2,,,,,1,,,,1,4,4,2,3,,2,,,,4,1,7,4,,,,,,,,,,,,,,
"Austronesian","Sulawesi",,"Austronesian","Malayic",,0,106,ind,3,2,3,4,2,1,1,2,1,2,,1,3,1,6,8,1,1,1,1,2,5,1,3,4,4,4,1,2,2,1,1,1,1,1,5,4,4,3,2,4,5,,1,2,1,1,6,4,2,1,2,1,1,9,3,5,1,2,3,4,2,1,1,1,5,3,2,1,2,4,2,2,2,5,2,4,2,1,3,3,1,1,4,5,1,2,,1,2,1,2,2,2,2,1,1,,1,,,,,1,5,3,1,4,4,4,1,1,2,1,3,2,1,4,2,1,3,4,2,4,1,2,4,1,7,1,1,3,1,1,2,,4,4,1,1,1,1,1,2,2,,1,,,,,1,1,1,2,2,,,,,1,,,,1,4,4,2,3,,2,,,,4,1,7,4,,,,,,,,,,,,,,
"Austronesian","Sulawesi",,"Austronesian","Oceanic","Eastern Malayo-Polynesian",19.5833333333,-155.5,haw,1,2,1,1,1,1,1,2,,,,1,1,1,6,8,2,1,3,1,,,,,,,,,1,1,,,1,1,1,7,,5,3,1,1,,,,3,1,3,,1,,,,,,9,3,5,3,1,,4,,,,,,,,1,1,4,2,4,,5,2,1,,2,3,2,,,,,,3,,2,2,,2,2,2,1,1,1,,1,,,,,2,,2,1,4,4,4,,,,5,,,,,,,,,,,,2,2,,,,,,,,,,,,,,,,,1,1,3,,,,,,,,,,3,,,,,1,,,,1,4,4,9,3,,,,,,,,,,,,,,,,,,1,,1,6,4,
"Austronesian","Sulawesi",,"Austronesian","Oceanic","Eastern Malayo-Polynesian",-18.8333333333,169.166666667,err,,,,,,,,,,,,,,,,,,,,,,,,,,,,,,2,,,1,1,1,7,6,4,,,1,,,,,,4,6,,2,,3,,,,,,4,1,,,,,,,,,,1,,,,,,1,1,4,,,,,,,,,,2,,1,2,,2,2,2,2,2,1,,1,,,,,,1,2,,4,4,4,,,2,2,5,2,2,3,,2,,,,,,,1,,,,1,,,,,,,,1,3,1,,1,,,,,,,,,,,,,,,,,,3,,,,2,4,4,20,,,5,,,,4,2,7,4,,,,,,,,,,,,,,
"Austronesian","Sulawesi",,"Austronesian","Chamorro",,13.45,144.75,cha,3,2,3,2,2,1,1,2,1,2,,1,2,1,1,4,3,4,1,1,7,5,2,4,2,1,5,2,1,1,1,3,1,1,1,7,2,4,1,1,,5,,1,3,1,1,6,1,,1,3,1,1,,,6,7,1,,2,2,3,1,6,2,5,2,1,1,4,2,4,,,2,4,2,1,3,2,2,4,1,5,1,3,,2,2,,2,2,1,1,1,1,,1,,,,,1,1,3,1,4,4,3,1,4,3,,2,2,1,3,2,1,2,2,1,4,2,2,2,1,7,2,1,,1,1,1,,4,4,1,,1,1,,1,2,,1,,,,,1,1,1,2,1,,,,,1,,,,1,4,4,9,3,,,,,,,,,,,,,,,,,,1,,1,6,4,
"Austronesian","Sulawesi",,"Austronesian","Sumatra",,3.25,98.25,bkr,2,3,2,2,2,1,1,2,1,2,,1,2,1,1,3,7,,1,1,,,,,,,,,2,,1,3,1,1,1,5,,4,,3,4,5,,1,,,,6,,,2,2,1,1,9,,,1,2,2,2,,,,5,5,,2,1,,,,,2,4,2,1,2,1,3,3,1,1,,,,7,3,3,2,1,2,2,2,2,1,1,,1,,,,,1,3,1,1,4,4,4,1,1,2,6,3,2,1,,,2,3,4,,,2,2,4,1,7,1,1,,,,,,4,5,,1,1,1,1,,,,1,,,,,,,,,,,,,,1,,,,1,4,4,16,3,,13,10,,,4,1,7,4,,,,,,,,,14,,1,6,4,
"Austronesian","Sulawesi",,"Austronesian","Sulawesi",,-5,122.5,mna,,,,,,,,,,,,,,,6,8,1,1,,,,,,,,,,,4,,,,,,,2,,4,3,,,,,,,,,6,,,,2,,,9,,,,,,2,,,,,,,,,,,,,1,1,2,4,,2,3,3,,,,,,2,,2,2,,2,2,2,2,1,1,,1,,,,,2,6,2,5,4,4,4,,,2,2,5,2,2,,,2,,,,,,2,2,,,,6,,,,,3,4,4,,1,1,1,1,,,,,,,,,,,,,,,,,,1,,,,1,4,4,2,3,,2,,,,4,1,7,4,,,,,,,,,,,,,,
"Austronesian","Sulawesi",,"Austronesian","Malayic",,5.5,95.5,ace,,,,,,,,,,,,,,,7,8,5,1,,,,,,,1,1,1,2,1,,,,,,,9,1,,,5,5,,,,3,1,,6,,1,,2,,,9,,,,,,4,,,,,,,2,1,,,,,5,5,2,,,2,1,2,,,,,,7,,3,3,6,2,2,2,2,1,1,,1,,,,,3,5,3,1,5,5,5,,,4,,5,5,2,4,,2,,,,,,2,,,,1,1,3,1,1,2,,4,4,1,1,1,1,1,,,,,,,,,1,1,1,1,2,,,,,1,,,,1,4,4,,,,,,,,,,,,,,,,,,,,,,,,,
"Austronesian","Sulawesi",,"Austronesian","Sumatra",,2.5,99,bto,2,2,3,2,2,1,1,2,,,,1,,1,6,8,1,1,1,1,,,,,,,,,4,,,,,,,7,,,,5,5,,,,,,,,2,,,,,,9,,,,,,2,,,,,,,,,,,,,,,,,,,3,,,,,,,4,,2,2,1,2,2,2,2,3,1,,1,,,,,1,,2,1,4,4,4,,,,,,,,,,,,,,,,,2,,,,,3,1,1,1,4,,,,,,,,,,,,,,,,,,,,,,,,,1,,,,1,4,4,12,3,,,,,,,,,,,,,,,,,,4,,1,6,4,
"Austronesian","Sulawesi",,"Austronesian","Oceanic","Eastern Malayo-Polynesian",-21,167.25,dre,4,3,3,4,2,1,1,2,1,2,,1,2,1,2,8,1,1,1,5,,,,,,,,,1,1,1,1,,,,7,,5,,1,,5,,1,2,1,,2,,,2,2,1,1,9,2,6,,1,,2,2,1,2,,,,,2,,,,,5,5,4,4,2,2,3,3,1,1,,,,7,4,3,2,,2,2,2,2,1,1,,1,,,,,2,1,2,1,4,4,4,6,6,1,1,1,1,1,4,,1,,,,,,2,4,1,7,,1,,,,,,,,1,1,1,1,1,2,2,,3,,,,,,,,,,,,,,1,,,,1,4,4,16,3,,13,12,,,1,8,7,4,,,,,,,,,16,,1,6,4,
"Austronesian","Sulawesi",,"Austronesian","Oceanic","Eastern Malayo-Polynesian",-17.8333333333,178,fij,3,2,3,1,1,1,1,2,1,2,,1,1,1,1,3,2,1,1,5,2,5,1,4,1,1,1,2,1,2,2,1,1,1,1,,,5,,5,5,5,,1,3,1,1,6,2,,2,4,1,1,9,2,6,3,1,,2,2,3,1,4,,,2,2,2,1,2,2,5,5,2,3,2,2,3,3,1,1,4,5,1,7,2,2,2,6,2,2,2,2,1,1,,1,,,,,3,6,2,1,4,4,4,1,,2,4,5,2,2,1,2,1,3,4,7,2,2,2,,2,1,,6,1,1,1,1,,4,,5,1,1,1,1,2,2,,1,,,,,1,1,1,2,,,,,,1,,,,1,4,4,16,3,,,,,,,,,,,,,,,,,,5,,1,6,4,
"Austronesian","Sulawesi",,"Austronesian","Oceanic","Eastern Malayo-Polynesian",-20.4166666667,166.583333333,iaa,5,3,3,4,2,1,1,3,,,,2,2,1,2,8,1,1,1,5,,,,,,,,,1,1,,,1,1,1,7,,,,1,1,,,,,,,,,,,,1,1,9,,,,1,,2,,,,,,,,,,,,,5,5,1,4,2,,,,,,,,,2,,2,2,1,2,2,1,2,1,1,,1,,,,,2,1,1,1,4,4,3,,,,4,,,,,,,,,,,,2,4,,,,1,,1,1,1,,,,,,,,,,,,,,,,,,,,,,,,,,1,,,,1,4,4,2,3,,2,,,,4,1,7,4,,,,,,,,,,,,,,
"Austronesian","Sulawesi",,"Austronesian","Oceanic","Eastern Malayo-Polynesian",-8.5,151.083333333,klv,3,2,3,2,2,1,1,2,3,2,,1,2,1,1,3,4,,1,1,,,,,,,,,5,1,1,3,1,1,1,6,,4,,5,5,5,,5,3,1,4,3,1,4,,3,1,1,9,2,8,1,3,,2,,,,,,8,,,,,,,1,5,2,1,2,1,2,3,1,1,4,5,1,7,4,2,2,,2,1,2,2,1,1,,1,,,,,,6,1,1,4,4,4,1,,2,2,5,2,2,3,,2,3,4,8,5,1,1,2,1,7,1,6,3,1,1,2,,4,4,2,1,1,1,,,,,1,,,,,,,,,,,,,2,1,,,,1,4,4,21,,,13,27,,,,,7,4,,,,,,,,,20,,1,6,4,
"Austronesian","Sulawesi",,"Austronesian","Oceanic","Eastern Malayo-Polynesian",1.3333333333,173,krb,1,2,1,1,1,1,1,1,1,2,,1,2,1,,,,,3,1,,,,,,,,,4,1,1,1,,,,6,,4,3,,,3,,1,,,1,6,,,,4,1,1,9,,,3,3,,2,,,,,,,,2,,,,,1,1,2,4,2,2,3,,1,1,,,,4,,2,2,1,2,2,2,2,1,1,,1,,,,,2,,2,1,4,4,4,1,,2,4,5,2,2,2,,1,,,,,2,2,4,,,,,,,,,,,,1,,1,1,,,,,1,,,,,,,,,,,,,,1,,,,1,4,4,12,3,,,,,,,,,,,,,,,,,,4,,1,6,4,
"Austronesian","Sulawesi",,"Austronesian","Oceanic","Eastern Malayo-Polynesian",-19.45,169.25,len,2,2,2,1,1,1,1,2,,,,1,2,1,6,8,1,1,1,1,,,,,,,,,5,,,,,,,7,,,,4,2,,,,,,,,,,,,,,9,,,,,,2,,,,,,,,,,,,,1,,,,,,,,,,,,,2,,1,2,1,2,2,2,2,2,1,,1,,,,,2,2,2,1,4,4,4,,,,2,,,,,,,,,,,,,6,,,,1,,1,1,2,,,,,,,,,1,2,,,,,,,,,,,,,,,,14,3,,,2,1,4,18,4,,14,,7,,4,6,5,4,,,,,,,,,,,,,,
"Austronesian","Sulawesi",,"Austronesian","Oceanic","Eastern Malayo-Polynesian",-40,176,mao,1,2,1,1,1,1,1,1,1,2,,1,1,1,1,5,2,,1,1,7,1,1,,2,2,2,2,1,1,1,1,1,1,1,7,6,5,3,1,1,5,,1,3,1,3,6,1,4,2,2,1,1,9,2,4,3,,1,4,2,1,1,4,,6,2,2,2,1,2,3,5,5,4,1,2,2,3,3,1,1,4,5,1,3,,2,2,1,2,2,2,6,2,1,,1,,,,,2,6,2,1,4,4,4,2,2,1,5,1,1,1,1,,1,3,4,8,5,2,2,4,2,1,1,6,2,3,1,2,3,4,4,1,3,2,1,,1,2,,1,,,,,,,,,2,,,,,1,,,,1,4,4,1,1,1,8,,,,1,8,7,4,,,,,,,,,,,,,,
"Austronesian","Sulawesi",,"Austronesian","Paiwanic",,22.5,120.833333333,pai,3,1,4,4,2,2,1,3,1,2,,1,2,1,6,8,1,5,1,1,7,3,1,3,3,3,3,2,4,1,4,3,1,1,1,,,4,,,,5,,1,2,1,,6,1,,,2,1,3,9,2,4,,,,,2,1,1,,,,,2,2,4,2,3,4,4,4,4,2,1,2,3,2,2,,,,7,2,2,2,,2,2,2,1,2,1,,1,,,,,,6,1,1,4,4,4,,,1,2,1,1,1,4,,2,2,1,3,3,,2,2,3,3,1,6,,1,1,1,,4,,,1,1,1,,,,,1,,,,,1,1,1,1,,,,,,1,,,,1,4,4,16,3,,,,,,,,,,,,,,,,,,5,,1,6,4,
"Austronesian","Sulawesi",,"Austronesian","Oceanic","Eastern Malayo-Polynesian",-16.5,168.25,pms,2,2,3,1,1,1,1,2,1,2,,1,2,1,5,8,1,,1,1,,,,,,,,,5,1,1,3,,,,7,,5,,1,4,5,,5,,,2,6,,2,,3,1,1,9,,,,,,2,1,3,3,,,7,,2,,,,,1,1,4,4,2,,2,,1,1,,,,2,,1,2,,2,2,2,,2,1,,1,,,,,,6,2,1,4,4,4,1,1,2,2,5,4,2,1,,2,3,4,8,5,1,1,1,3,3,1,6,,3,1,1,,4,3,2,,1,,1,,,,,,,,,,,,,,,,,2,3,,,,2,4,4,20,,,5,,,,4,2,7,4,,,,,,,,,,,,,,
"Austronesian","Sulawesi",,"Austronesian","Oceanic","Eastern Malayo-Polynesian",-27.1166666667,-109.366666667,rap,1,2,2,1,1,1,1,1,1,2,,1,1,1,6,8,1,4,1,1,2,1,1,5,3,2,5,2,1,2,1,1,1,1,1,7,4,5,3,1,2,5,,1,3,1,3,6,1,,1,2,1,1,9,2,6,,1,,,2,1,2,4,,,,,2,1,2,3,5,5,1,1,2,2,3,2,1,1,4,5,1,3,,2,2,,2,2,2,2,1,1,,1,,,,,,1,,1,4,4,4,1,1,1,5,1,1,1,1,4,2,3,4,8,5,,2,4,3,3,,1,,,,,1,4,,1,3,1,3,,2,2,,1,,,,,1,1,1,1,,,,,,15,,11,,1,4,4,19,3,,,,,,,,,,,,,,,,,,23,9,3,6,4,
"Austronesian","Sulawesi",,"Austronesian","Oceanic","Eastern Malayo-Polynesian",-13.9166666667,-171.833333333,sam,,,,,,,,,,,,,,,,,,,,,,,,,,,,,1,1,,,,,,7,,5,,1,1,,,,3,1,3,6,,2,,2,,,9,2,3,3,2,,4,2,1,1,,,5,2,,,,,,1,,,,,,,,,,4,5,3,7,2,2,2,,2,2,2,6,3,1,,1,,,,,3,1,2,1,4,4,4,,,1,,1,1,1,,,2,3,4,,,,2,2,,,,1,1,1,1,2,3,,,5,,,,,1,2,,,,,,,,,,,,,,,2,1,,,,1,4,4,16,3,,,,,,,,,,,,,,,,,,5,,1,6,4,
"Austronesian","Sulawesi",,"Austronesian","South Halmahera - West New Guinea","Eastern Malayo-Polynesian",0,127.5,tab,3,2,3,2,2,1,1,2,1,2,,1,3,1,6,8,1,1,1,1,,,,,,,,,1,,1,3,1,1,1,8,3,4,,5,5,5,,5,,,2,6,2,1,,2,1,1,9,,5,,3,2,,,,,4,,8,,1,,,,,1,5,2,,2,2,2,3,1,1,4,5,1,2,,1,2,1,2,1,2,2,2,1,,1,,,,,3,6,2,1,4,4,4,1,1,4,1,2,2,1,2,,1,3,4,5,4,1,2,2,1,7,3,6,,,,,,,,2,1,1,1,1,,,,1,,,,,,,,,,,,,2,2,,,,4,1,4,4,6,,4,,,,4,8,7,1,,,,,,,,,,,,,,
"Austronesian","Sulawesi",,"Austronesian","Oceanic","Eastern Malayo-Polynesian",-17.6666666667,-149.583333333,tah,,,,,,,,,,,,,,,1,5,2,5,,,,,,,,,,,1,,,,,,,7,,,,,2,,,,,,,,,,,,,,9,2,6,,,,,,,,,,,2,,1,1,2,3,5,4,4,,,,,,,,,,,3,,2,2,,2,3,2,1,3,1,,1,,,,,2,3,2,1,4,4,4,,,,,,,,,,,,,,,,2,2,,,4,1,2,3,1,2,,,,,,,,,1,1,3,,,,,,,,,,2,,,,,1,,,,1,4,4,9,3,,,,,,,,,,,,,,,,,,1,,1,6,4,
"Austronesian","Sulawesi",,"Austronesian","Oceanic","Eastern Malayo-Polynesian",-21.6666666667,165.75,tin,,,,,,,,,3,,,,,,,,,,,,,,,,,,,,1,1,,,,,,7,3,5,,1,4,,,,3,,,6,,,,2,1,1,9,2,4,,,,2,,,,,,,,1,,,,,5,5,2,,,,3,,,,,,,7,4,3,2,6,2,2,1,2,1,1,,1,,,,,1,4,2,1,4,4,3,,,2,4,2,2,1,1,,1,,,,,,,4,,,,1,2,,,,,,,,1,1,1,,,,,,,,,,,,,,,,,,,1,,,,1,4,4,16,3,,13,13,,,4,1,7,4,,,,,,,,,17,,1,6,4,
"Austronesian","Sulawesi",,"Austronesian","Sulawesi",,-5.5,123.5,tuk,3,2,3,1,1,1,3,2,1,2,,1,1,1,6,8,1,1,1,1,7,3,2,4,4,2,5,2,5,1,1,3,1,1,1,9,,4,3,2,4,3,,3,3,1,1,6,3,,1,2,1,1,9,,3,1,2,1,4,2,1,2,6,2,4,,1,2,4,1,4,1,2,4,4,2,2,1,3,1,1,1,5,1,4,,2,2,,2,2,2,2,2,7,,3,3,,,,,2,3,1,4,5,4,4,4,2,2,5,2,2,2,2,1,3,4,3,3,3,2,,1,7,,1,,1,1,2,,4,4,3,2,2,1,1,,,,1,,,,,1,1,1,1,,,,,2,1,,,,1,4,4,12,3,,,,,,,,,,,,,,,,,,4,,1,6,4,
"Austronesian","Sulawesi",,"Austronesian","Yapese",,9.5833333333,138.166666667,yap,3,3,3,2,2,1,6,2,,,,1,2,1,1,3,7,4,1,5,,,,,,,,,1,,,,,,,7,,,,1,1,,,,,,,6,,2,,3,,,9,,,,2,,2,,,,,,,,,,,,,5,5,2,,,,,,,,,,,3,,2,2,,2,2,2,2,1,1,,1,,,,,1,6,3,1,4,4,4,,,2,,3,3,1,,,2,,,,,1,2,2,,,,6,,,,,1,,,,,,,,1,2,,,,,,,,,,,,,,,,1,,,,1,4,4,9,3,,,,,,,,,,,,,,,,,,1,,1,6,4,
"Niger-Congo","Kwa",,"Niger-Congo","Bantoid","Benue-Congo",-30,30,zul,4,2,5,3,1,1,5,4,,2,,1,2,2,6,8,1,1,1,2,1,5,1,3,1,2,5,2,6,2,1,2,5,3,3,1,6,4,1,5,5,3,,3,,,5,2,1,,2,2,1,1,2,,6,,1,2,,2,1,1,6,2,,2,2,1,2,1,3,1,1,4,1,2,1,2,2,1,1,4,5,1,2,,1,2,,2,2,2,6,,1,,1,,,,,,2,2,1,4,4,4,1,1,2,2,5,2,2,2,2,1,3,4,3,1,2,2,1,3,3,1,1,4,3,2,1,2,4,,1,3,3,3,,2,2,,1,,,,,1,2,1,1,3,,,,,15,,7,,2,2,4,20,,,15,,,12,4,4,6,4,,,,,,,,,,,,,,
"Niger-Congo","Kwa",,"Niger-Congo","Northern Atlantic","Atlantic",15.25,-16,wlf,4,3,3,2,2,1,1,2,,2,,1,3,1,,,,,1,1,,,,,,,,,1,2,,,,,,6,,4,,1,1,,,,,,,,,,1,,,,9,,6,,,,2,,,,,,,2,2,2,1,2,3,5,1,2,1,,2,1,2,,,,,,2,,1,2,1,2,2,2,2,1,1,,1,,,,,2,1,1,1,4,4,4,,,,4,,,,2,,,,,3,3,,,4,,,1,1,,1,1,1,2,,,1,,,,,,,,,,,,,,,,,3,,,,,8,,,,1,2,4,16,3,,13,7,,,4,1,2,4,,,,,,,,,,,,,,
"Niger-Congo","Kwa",,"Niger-Congo","Bantoid","Benue-Congo",-6.5,39,swa,4,2,4,4,2,1,1,2,1,2,,1,1,1,6,8,1,,1,5,1,5,1,3,1,2,5,2,5,1,1,2,5,3,3,1,6,4,3,2,,3,,3,2,1,,2,1,2,2,2,1,1,5,2,7,2,1,,2,2,1,1,,2,2,2,,2,1,1,3,1,1,4,1,2,1,2,2,1,1,4,2,1,2,,1,2,,2,2,2,2,2,1,,1,,,,,,1,2,1,4,4,4,1,1,2,2,5,2,2,2,2,1,3,4,3,2,2,2,1,3,3,1,1,4,3,2,1,2,4,5,,,,,1,1,2,,1,,,,,1,2,1,1,1,,,,2,3,,,,2,4,4,20,,,5,,,,4,2,7,4,,,,,,,,,,,,,,
"Niger-Congo","Kwa",,"Niger-Congo","Ubangi","Adamawa-Ubangi",5,18,san,4,3,3,4,2,1,3,2,3,1,,1,1,2,,,,,1,3,1,5,6,1,4,2,5,2,6,,1,3,1,1,1,1,,4,1,1,,3,,1,,,1,6,2,2,,2,1,1,9,1,,,,,4,2,1,1,,,2,2,1,2,4,2,4,5,5,1,3,,2,3,2,1,1,4,5,1,2,,1,2,1,2,2,1,2,2,1,,1,,,,,2,2,2,1,4,4,3,1,1,1,2,1,1,1,1,1,2,3,4,8,5,,,2,1,7,,1,4,,,,,4,,1,,1,1,,,,,1,,,,,1,2,1,2,1,,,,,2,,,,4,1,4,4,6,,4,,,,4,8,7,1,,,,,,,,,,,,,,
"Niger-Congo","Kwa",,"Niger-Congo","Adamawa","Adamawa-Ubangi",9,11.6666666667,mum,3,2,3,4,2,1,3,2,,,,1,2,3,,,,,1,3,,,,,,,,,1,,,,,,,7,,,,1,2,,,,,,,6,,,,2,,,9,,,,,,4,,,,,,,,,,,,,3,5,1,3,,,,,,,,,,2,,1,2,,2,3,2,2,2,1,,1,,,,,,2,2,,4,4,4,,,1,4,1,1,1,,,2,,,,,,,2,,,,1,,,,,,,,,,,,,1,2,,,,,,,,,,,,,,,,15,,2,,1,1,4,19,6,,15,,,2,4,5,7,2,,,,,,,,,,,,,,
"Niger-Congo","Kwa",,"Niger-Congo","Bantoid","Benue-Congo",-5,15,kon,,,,,,,,,,2,,,,,2,8,1,1,,,,,,,,,,,6,,1,2,5,3,3,1,,4,3,,,3,,3,,,,2,1,,,2,1,1,9,,,2,,,4,,,,,,,,,,,,,4,2,2,1,2,2,,,1,1,,,,2,,1,2,,2,2,2,2,2,,,,,,,,,,,,4,,4,1,1,2,2,5,2,2,4,,1,,,,,,2,6,1,7,,,,,,,,,,1,,,,,1,2,,,,,,,,,,,,,,,,16,16,,5,3,3,4,16,6,,14,,18,,4,5,,,,,,,,,,,,,,,,
"Niger-Congo","Kwa",,"Niger-Congo","Gur",,14.25,-0.9166666667,kfe,2,3,1,4,2,1,1,2,2,1,,1,2,1,2,8,1,5,1,1,,,,,,,,,3,3,1,1,3,3,2,2,6,3,,1,4,3,,1,1,1,1,2,2,2,1,3,1,1,9,,,,1,2,4,,,,6,2,7,,2,,,,,2,4,4,3,2,2,1,2,1,1,,,,2,,1,2,1,4,1,2,2,2,1,,1,,,,,,2,1,1,5,4,4,1,1,2,2,5,2,2,3,,2,3,4,8,5,1,2,2,1,7,1,1,,,,,2,4,4,3,2,1,1,2,1,2,,1,,,,,,,,,,,,,1,1,,,,1,4,4,2,3,,2,,,,4,1,7,4,,,,,,,,,,,,,,
"Niger-Congo","Kwa",,"Niger-Congo","Igboid","Benue-Congo",6,7.3333333333,igb,5,3,3,4,2,1,1,2,1,2,,1,1,2,,,,,1,3,,,,,,,,,,1,1,1,1,1,1,6,,4,,,,3,,1,,,,6,1,,,2,1,1,,,6,,1,,4,,,,,,,1,,,,,,2,1,1,4,2,2,1,2,1,1,4,5,1,2,,1,2,1,2,2,2,2,2,1,,1,,,,,,6,2,1,4,4,4,3,3,1,4,1,1,1,2,,2,3,4,3,4,1,2,,2,3,,6,5,3,1,1,2,,,,3,3,3,1,1,2,,3,,,,,,,,,,,,,2,,,,,,,,,,,,,,,,,,,,,,,,,,,,,,,,
"Niger-Congo","Kwa",,"Niger-Congo","Kru",,5,-8,grb,3,3,2,2,2,1,1,2,1,1,,1,1,3,1,7,6,5,1,3,1,5,1,4,2,2,2,2,2,,1,3,3,3,2,2,6,4,,5,5,3,,1,,,5,2,1,,,2,1,1,9,,6,,,,4,2,1,1,,,,,,1,2,1,3,2,2,4,2,2,,1,,1,1,4,5,1,2,,1,2,1,1,1,2,2,2,1,,1,,,,,,1,1,,3,4,4,1,2,1,4,1,1,1,2,2,1,3,4,3,1,,2,3,2,6,,1,,1,1,1,,,,,3,1,,,,,,,,,,,2,2,3,2,,,,,,1,,,,1,4,4,6,2,2,,,,,,,,,7,,,,4,1,8,11,,,,,,
"Niger-Congo","Kwa",,"Niger-Congo","Platoid","Benue-Congo",9.5833333333,9.3333333333,fye,5,2,5,3,1,1,3,2,,,,1,2,2,,,,,1,1,,,,,,,,,3,,,,,,,1,6,,,1,1,,,,,,,,,,,,,,,,,,,,2,,,,,,,,,,,,,2,1,3,4,,,,,,,,,,2,,1,2,,2,2,2,2,2,1,,1,,,,,,2,2,1,4,4,4,,,,4,,,,2,,,,,,,,,2,,,,1,,,,,,4,,,,,,,,,,,,,,,,,,,,,,,,15,,2,,1,1,4,19,6,,15,,,5,3,8,7,2,,,,,,,,,,,,,,
"Niger-Congo","Kwa",,"Niger-Congo","Bantoid","Benue-Congo",4,12,ewo,4,3,3,4,3,1,1,2,,,,1,2,3,,,,,1,3,,,,,,,,,6,,,,,,,1,,,,1,,,,,3,1,,,,,,,,,9,,6,,,,4,,,,,,,,2,,,,,1,,,,,,,,,,,,,2,,1,2,,2,2,2,2,2,1,,1,,,,,,1,2,1,4,4,4,,,,2,,,,2,,,,,,,,,2,,,,1,,,,,,,,,,,,,,,,,,,,,,,,,2,,,,,15,,17,,1,1,1,19,,,15,,,10,4,3,5,4,,,,,,,,,,,,,,
"Niger-Congo","Kwa",,"Niger-Congo","Adamawa","Adamawa-Ubangi",8.6666666667,13.0833333333,doy,3,3,3,4,2,1,3,2,,1,5,1,3,3,,,,,1,3,,,,,,,,,2,,,,,,,2,5,,,2,4,,,,,,,6,,2,,2,,,9,,,,,,2,,,,,,,,2,,,,,3,,,,,,,,,,,,,2,,1,2,,4,1,2,,2,1,,1,,,,,,2,2,,5,4,4,,,2,6,5,4,2,2,,1,,,,,,2,6,,,,1,,,,,,,,,,,,,,,,,,,,,,,,,,,,,,16,16,,4,1,3,1,18,3,,14,,16,,4,5,6,3,,,,,,,,,,,,,,
"Niger-Congo","Kwa",,"Niger-Congo","Gur",,9.5833333333,-0.5,dgb,3,2,4,4,2,1,1,2,,2,1,1,2,2,,,,,1,3,,,,,,,,,3,,,,,,,2,6,,,1,4,,,,,,,,,2,,,,,,,,,,,4,,,,,,,,2,,,,,4,,,,,,,,,,,,,2,,1,2,,1,1,2,2,2,,,,,,,,2,,1,,3,,4,,,,1,,,,2,,,,,,,,,2,,,,,,3,1,1,2,4,,2,,,,,,,,,,,,,,,,,,,,,,1,,,,1,4,4,2,3,,2,,,,4,1,7,4,,,,,,,,,,,,,,
"Niger-Congo","Kwa",,"Niger-Congo","Western Mande","Mande",12.5,-7.5,bam,3,3,3,4,2,1,1,2,1,,,1,1,2,,,,,1,1,,,,,,,,,2,,1,1,,,,2,,4,1,1,,3,,1,,,,6,1,2,,2,1,1,,3,6,,,,,,,,,,4,1,,,,,,2,1,4,3,2,2,1,2,,,,,,1,,1,1,5,1,1,2,6,2,4,,,,1,,,,2,,,1,5,2,1,1,1,,1,1,1,,2,2,,,,,,2,,3,3,,1,1,3,1,1,,2,2,,,,,,1,2,,1,,,,,,,,,3,,,,1,1,,,,1,4,4,6,2,,,,,,,,,,2,,,,4,1,8,11,,,,,,
"Niger-Congo","Kwa",,"Niger-Congo","Kwa",,6.5,-1.25,akn,1,3,2,2,2,1,1,1,,,,1,2,2,,,,,1,1,,,,,,,,,6,1,,,,,,6,,,1,2,,,,,,,,,,,,,,,9,,,2,,,1,,,,,,,2,,1,4,1,3,1,2,1,,,2,3,3,,,,,,2,,1,2,,4,1,2,2,2,,,,,,,,2,5,2,5,5,,4,,,,,,,,2,,,,,,,,,1,,,,1,3,3,1,1,,,,,2,2,2,1,,,,,,,,,,,,,,,,,,3,,,,2,4,4,20,,,5,,,,4,2,7,4,,,,,,,,,,,,,,
"Niger-Congo","Kwa",,"Niger-Congo","Bantoid","Benue-Congo",6.1166666667,10.4166666667,bab,,,,,,,,,,,,,,,,,,,,,,,,,,,,,,,,,5,3,3,,6,,,1,4,,,,,1,5,2,1,2,,2,,,9,,,,,,,,,,,,,2,2,,,,,,1,4,,,2,3,3,,,,,,2,,1,2,,2,,2,2,2,1,,1,,,,,1,2,,,4,4,4,,,1,1,1,1,1,4,,2,,,,,1,2,6,,,1,1,5,3,2,1,,3,3,1,,,,,2,2,,,,,,,,,,,,,,,,14,1,,,1,1,4,18,,,14,,1,,4,5,7,3,,,,,,,,,,,,,,
"Niger-Congo","Kwa",,"Niger-Congo","Platoid","Benue-Congo",9.6666666667,8.8333333333,bir,3,3,3,4,2,1,1,2,,,,1,2,3,,,,,1,3,,,,,,,,,6,,,,,,,1,,,,1,1,,,,,,,,,,,,,,9,,,,,,,,,,,,,2,,,,,,1,5,,3,2,,,,,,,,,2,,1,2,1,2,2,2,2,2,1,,1,,,,,,2,2,1,4,4,4,,,,2,,,,,,,,,,,,,2,1,7,,1,5,,,,,,,,,,,,,,,,,,,,,,,,,,,,,2,,,,4,1,4,4,6,,4,,,,4,8,7,1,,,,,,,,,,,,,,
"Niger-Congo","Kwa",,"Niger-Congo","Northern Atlantic","Atlantic",13,-16.25,dio,3,3,1,2,2,1,1,2,1,,,1,3,1,2,8,1,,1,1,,,,,,,,,4,,1,2,5,3,3,1,,4,,3,1,5,,5,,,5,2,,,,2,1,1,9,,6,,,,2,,,,,,,,,2,4,1,4,4,5,4,1,2,1,,,1,1,4,5,1,2,,1,2,,2,2,2,2,2,1,,1,,,,,,6,2,1,4,4,4,1,1,2,2,5,2,2,,,1,,,,,,2,1,3,3,,6,5,,,,,,,,,,,,,,,2,,,,,,,,,2,,,,,4,,,,4,2,4,20,,,6,,,,4,8,2,4,,,,,,,,,,,,,,
"Niger-Congo","Kwa",,"Niger-Congo","Kwa",,6.3333333333,0.4166666667,ewe,4,3,3,4,2,1,1,2,1,,,1,2,2,,,,,1,3,,,,,4,2,5,1,4,1,1,2,1,1,1,8,,6,1,2,1,3,,1,2,,,6,1,2,2,3,1,1,9,1,6,,,,2,2,1,2,,,7,2,,2,4,1,4,,5,2,4,2,2,1,2,1,1,1,5,1,2,,1,2,,1,1,2,2,2,1,,1,,,,,,2,2,1,3,4,4,1,1,2,2,5,2,2,,,2,3,4,8,5,1,1,6,3,3,,1,1,3,1,1,,,,2,,1,1,,,,,1,,,,,,,,,2,,,,,14,1,,,1,1,4,18,,,14,,1,,4,5,7,3,,,,,,,,,,,,,,
"Niger-Congo","Kwa",,"Niger-Congo","Northern Atlantic","Atlantic",8.1666666667,10.5,fni,,,,,,,,,,,,,,,,,,,,,,,,,,,,,3,,,,,,,,,,1,1,,,,,,,,2,,,,2,1,1,7,2,6,,,,2,2,1,2,,,7,2,,,,,,2,,,1,,1,2,2,,,,,,2,,1,2,,2,,2,,2,1,,1,,,,,,,1,1,4,4,4,,,2,,5,2,3,,,1,,,,,,,1,,,,,3,1,1,2,,,,,3,2,1,,,,,,,,,,2,2,1,2,,,,,,4,,,,4,2,4,20,,,6,,,,4,8,2,4,,,,,,,,,,,,,,
"Niger-Congo","Kwa",,"Niger-Congo","Ubangi","Adamawa-Ubangi",6.6666666667,17.5,gbb,4,3,3,4,2,1,3,2,,,,1,2,2,,,,,1,3,,,,,,,,,2,,,,,,,7,,,1,3,1,,,,,,,,,2,,,,,9,1,,,1,,2,2,1,2,,,,,,,,,,2,,,,,,,,,,,,,2,,1,2,1,2,2,1,2,2,1,,1,,,,,,2,2,,4,4,3,,,,,,,,,2,,,,,,,,2,3,1,,1,,3,1,1,2,,,,,,,,,,,,,,,,1,2,1,2,,,,,,15,,2,,1,1,4,19,6,,15,,,2,4,5,7,2,,,,,,,,,,,,,,
"Niger-Congo","Kwa",,"Niger-Congo","Nupoid","Benue-Congo",9.5,7,gwa,3,2,3,4,2,1,3,2,,,,1,3,3,,,,,1,3,,,,,,,,,,,,,,,,,,,,1,1,,,,,,,,,,,,,,,,,,,,,,,,,,,,,,,,,,5,1,2,2,,,,,,,,,7,1,1,3,6,4,1,2,2,2,1,,1,,,,,,2,2,1,5,5,5,,,,1,,,,,,,,,,,,,6,,,,1,,,,,,,,,,,,,,,,,,,,,,,,,,,,,,14,1,,,1,1,4,18,,,14,,19,,4,5,7,3,16,,12,,4,3,8,5,,,,,,
"Niger-Congo","Kwa",,"Niger-Congo","Ijoid",,4.9166666667,5.6666666667,ijo,3,3,2,4,2,1,1,2,,,,1,1,2,,,,,1,3,,,,,4,4,4,1,3,,,,,,,2,,,,3,3,,,,,,,3,,,,3,,,1,,,,,,1,2,1,2,,,,,,,,,,2,2,2,2,2,,,,,,,,,1,,1,1,,,1,1,1,1,2,1,,,,,,,6,2,5,,1,1,,,2,,3,1,1,,,1,,,,,,,5,3,5,,2,,,,,,,,,3,3,3,,,,,,,,,,,,,,,,,,,10,,,,4,3,4,16,4,,,,,,,,,,15,5,,,4,4,8,7,,,,,,
"Niger-Congo","Kwa",,"Niger-Congo","Southern Atlantic","Atlantic",8.8333333333,-10.1666666667,kis,,,,,,,,,,2,1,,,,,,,,,,3,5,1,2,4,2,5,1,,,,,5,3,3,8,,,,5,5,,,,2,1,5,6,1,,,2,,,9,1,6,,,,,,,,,,,,,,,,,3,1,1,,2,,,,,,,,,7,1,1,3,6,2,2,2,2,2,1,,1,,,,,3,6,1,1,5,5,5,,,2,4,3,1,1,2,,1,,,,,,2,6,,,,6,,,,,,4,,,,,,,1,2,,,,,,,,,,,,,,,,14,12,,,1,1,1,18,6,,14,,20,,4,8,7,3,16,,13,,4,3,8,5,,,,,,
"Niger-Congo","Kwa",,"Niger-Congo","Bantoid","Benue-Congo",-12,22,luv,2,2,3,3,1,1,1,3,1,,,1,1,2,6,8,1,1,1,1,1,5,1,5,1,2,5,2,6,1,1,2,5,3,3,1,6,4,1,5,5,3,,3,,,5,2,2,,2,2,1,1,,,6,,,,2,2,1,2,,,2,,2,2,2,1,3,1,1,4,1,2,,3,,1,1,4,2,1,2,,1,2,1,2,2,2,2,2,1,,1,,,,,,,2,1,4,4,4,1,1,2,2,5,2,2,,4,2,3,4,3,3,,2,6,3,5,,1,,,,,,4,,1,3,2,2,,,,,1,,,,,1,2,1,2,,,,,,14,11,,,3,1,4,18,6,,14,,14,,4,5,7,2,,,,,,,,,,,,,,
"Niger-Congo","Kwa",,"Niger-Congo","Bantoid","Benue-Congo",-0.9166666667,29.8333333333,nko,3,2,3,4,2,1,1,1,3,2,,1,2,2,,,,,1,1,,,,,,,,,6,,1,2,5,3,3,1,,4,,,,3,,3,3,1,5,2,,2,1,3,1,1,9,,,,,,,,,,,,,2,2,,,,,1,2,2,3,2,2,3,3,1,1,,,,2,,1,2,1,2,2,2,2,2,1,,1,,,,,2,2,2,3,4,4,4,1,1,2,2,5,2,2,3,2,1,3,4,5,1,,2,1,3,3,4,1,4,3,2,1,,,,1,3,2,2,1,2,2,,1,,,,,,,,,,,,,,3,,,,2,4,4,20,,,5,,,,4,2,7,4,,,,,,,,,,,,,,
"Niger-Congo","Kwa",,"Niger-Congo","Gur",,11.5,-5.5833333333,sup,2,3,3,4,4,1,1,2,1,1,,1,2,3,2,8,1,,1,1,2,5,1,2,4,1,5,1,3,,1,1,5,3,3,2,6,4,3,3,1,3,,1,1,1,2,2,1,,2,2,9,2,9,3,6,2,1,2,4,2,1,1,6,2,6,,2,1,2,2,3,4,2,2,2,2,2,1,3,1,1,3,5,1,1,,1,1,5,1,1,2,1,2,4,,,6,1,,,,2,3,1,1,5,2,1,1,1,1,1,1,1,1,4,2,3,4,8,5,3,2,2,3,5,1,1,4,3,1,1,,2,2,1,2,2,1,1,,,,4,,,,,1,2,2,2,,,,,,15,,2,,1,1,4,19,4,,,,,,,,,,17,,,2,4,3,8,3,,,,,,
"Niger-Congo","Kwa",,"Niger-Congo","Southern Atlantic","Atlantic",8.6666666667,-13.0833333333,tne,2,3,2,2,4,1,1,2,,1,2,1,3,2,,,,,1,3,,,,,,,,,4,,,,,,,1,,,,3,3,,,,,,,,,,,,,,,,,,,,4,,,,,,,2,,2,1,1,2,4,,,,,,,,,,,,,2,,1,2,,2,2,2,2,2,1,,1,,,,,,2,1,1,4,4,4,,,,,,,,,,,,,,,,,1,,,,1,3,3,1,1,,,,,,,,,,,,,,,,,,,,,,,,,,4,,,,4,2,4,20,,,6,,,,4,8,2,4,,,,,,,,,,,,,,
"Niger-Congo","Kwa",,"Niger-Congo","Defoid","Benue-Congo",8,4.3333333333,yor,2,3,2,2,3,1,1,2,3,1,,1,1,3,,,,,1,3,4,1,1,4,3,1,5,2,1,1,4,1,1,1,1,7,4,4,1,5,5,3,,1,2,1,1,6,2,2,2,2,1,1,9,2,4,2,1,,4,2,1,1,,,7,2,2,2,4,2,2,5,5,,,2,2,1,1,1,1,4,5,1,2,,1,2,,2,2,2,2,2,1,,1,,,,,,6,1,1,4,4,4,1,2,1,5,1,1,1,3,4,2,3,4,8,5,3,1,4,3,3,,6,5,1,1,1,2,3,,1,1,1,1,1,,,,3,,,,,1,2,1,1,2,,,,2,1,,,,1,4,4,2,3,,2,,,,4,1,7,4,,,,,,,,,,,,,,
"Indo-European","Celtic",,"Indo-European","Slavic",,49,33,ukr,,,,,,,,,,,,,,,,,,,,,,,,,,,,,2,,,,3,2,3,2,,,,5,5,,,,,,,,,1,,,,,1,,7,5,,,4,,,,,,,,,,,,,2,1,1,4,,,,,,,3,5,1,2,,1,2,,2,,1,1,1,1,,1,,,,,,1,,1,4,4,3,,,,1,,,,,,,3,4,8,5,,,2,1,7,,1,,,,,,,,,,,,,1,2,,,,,,,,,,,1,,,,,1,,,,1,4,4,2,3,,2,,,,4,1,7,4,,,,,,,,,,,,,,
"Indo-European","Celtic",,"Indo-European","Romance",,40,-4,spa,4,2,3,3,1,1,1,2,3,2,,1,2,1,1,3,7,1,1,5,1,1,2,3,3,2,5,2,2,3,3,2,2,2,3,2,6,5,4,1,2,3,,3,3,1,1,1,2,3,2,2,1,3,9,,7,1,,,4,2,1,1,,2,3,1,1,1,1,1,1,2,1,3,4,2,2,1,1,1,1,3,2,1,2,,3,2,1,2,2,2,1,1,1,,1,,,,,1,6,1,1,4,4,4,2,2,2,2,5,2,3,1,3,1,3,4,8,5,3,4,2,1,7,3,4,5,2,1,1,4,4,1,1,3,2,2,2,2,2,,1,7,7,1,1,2,2,1,1,2,,,,2,1,,,,1,4,4,2,3,,2,,,,4,1,7,4,,,,,,,,,,,,,,
"Indo-European","Celtic",,"Indo-European","Slavic",,56,38,rus,4,2,5,4,2,1,1,2,3,2,,1,3,1,1,5,6,5,1,1,1,2,1,3,2,2,2,2,2,3,3,3,3,2,3,2,6,6,4,5,5,3,,3,2,1,,3,2,1,2,2,6,6,1,3,7,5,1,,4,2,1,1,6,2,3,1,1,1,1,2,4,4,1,1,4,2,2,1,1,1,1,3,2,1,2,,1,2,,2,2,1,1,1,1,,1,,,,,1,3,1,1,4,4,3,2,2,2,1,2,2,1,1,3,1,3,4,8,5,2,2,2,1,7,1,1,1,2,2,2,4,1,1,1,2,2,2,1,1,2,,1,7,7,1,1,2,2,1,1,1,,,,2,1,,,,1,4,4,2,3,,2,,,,4,1,7,4,,,,,,,,,,,,,,
"Indo-European","Celtic",,"Indo-European","Iranian",,33,67,psh,4,2,4,4,2,3,1,3,2,,,1,3,1,1,7,1,5,1,1,,,,,,,,,2,1,,,2,2,3,2,,,,5,5,,,,,,,,2,1,,,3,3,1,,6,2,,,4,,,,,,,,,,,,,2,,,,,,,,,,3,5,1,1,,1,1,,1,1,1,1,1,1,,1,,,,,1,6,2,1,1,2,1,,,,,,,,,,,,,,,,2,1,,,,6,,,,,,,,,,,,,,,,,,,,,,,,,1,,,,,3,,,,2,4,4,20,,,,,,,,,,,5,,,,4,4,2,11,,,,,,
"Indo-European","Celtic",,"Indo-European","Romance",,39,-8,por,,,,,,,,,,,,,,,1,3,6,,,,,,,,,,,,2,3,,,,,,2,6,,4,1,2,,,,,,,,2,4,2,,,,9,1,7,,,,,,,,,,,,,1,1,2,4,2,2,3,4,,2,1,1,,,,,,2,,1,2,,2,2,2,1,,1,,1,,,,,1,1,,,4,4,4,,,,2,,,,,,,,,,,,,2,,,3,1,,,,,,,,,,,,,2,2,,,,,,,,,,,1,,,,,1,,,,1,4,4,2,3,,2,,,,4,1,7,4,,,,,,,,,,,,,,
"Indo-European","Celtic",,"Indo-European","Indic",,31,74,pan,,,,,,,,,,,,,,,,,,,,,,,,,,,,,2,1,,,2,2,3,2,6,,1,5,5,,,,2,1,2,,2,3,1,,2,6,1,,,,,3,,,,,,,2,,,1,1,1,3,2,1,2,,2,2,1,3,,,,,,1,,1,1,,1,1,1,1,1,7,3,,2,,,,1,1,2,1,1,5,1,,,,2,,,,,,,3,4,8,5,,2,2,,,,1,,,,,,,,,3,2,2,1,2,2,,,,,,,,,,,1,,,,,1,,,,1,4,4,7,3,,,,,,,,,,3,,,,4,4,1,11,,,,,,
"Indo-European","Celtic",,"Indo-European","Indic",,28,85,nep,4,2,4,2,2,1,1,2,,,,1,,1,1,1,2,,1,1,,,,,2,2,2,2,2,,,,,,,2,4,,1,,,,,,,,,,3,,,,,,1,,,,,,,,,,,,1,,1,,,,,2,,,1,1,,,,2,2,,,,1,,1,1,,1,1,1,1,1,,,,,,,,,,2,2,1,,1,,,,,,,,1,,,,,,,,,1,,,1,1,2,2,1,1,,,,,,,,,2,2,,,,,,,,,,,1,,,,,4,,,,4,2,4,20,,,,,,,,,,,6,,,,4,4,8,2,,,,,,
"Indo-European","Celtic",,"Indo-European","Baltic",,55,24,lit,5,2,4,4,2,1,1,3,,,,1,3,,1,5,6,4,1,1,,,,,,,,,2,,,,,,,2,6,,,5,5,,,,2,1,,,3,1,2,,6,3,1,3,7,5,,,,,,,,,,1,,,,,,2,1,1,4,,2,1,1,2,2,,,,2,,1,2,,2,1,1,1,1,1,,1,,,,,1,1,1,1,4,4,3,,,,2,,,,,3,,,,,,,,1,,,1,1,,2,2,2,,,,,,,,,1,2,,,,,,,,,,,3,,,,,3,,,,2,4,4,20,,,5,,,,4,2,7,4,,,,,,,,,,,,,,
"Indo-European","Celtic",,"Indo-European","Iranian",,36,44,krd,4,3,3,4,2,2,1,2,2,,,1,3,1,,,,,1,4,,,,,,,,,3,,,,,,,2,6,4,,3,3,,,,,,,6,,,,3,,,9,,,2,,,2,,,,,,,,,,,,,4,1,,,,,,,,,,,,1,,1,1,,2,2,2,6,1,1,,1,,,,,1,,2,1,2,2,2,,,2,2,5,3,2,,,1,,,,,,,1,,,,,,,,,,,,,,,,,,,,,,,,,,,,,,,,,,3,,,,2,4,4,20,,,,,,,,,,,5,,,,4,4,2,11,,,,,,
"Indo-European","Celtic",,"Indo-European","Romance",,43,12,ita,,,,,,,,,,,,,,,1,3,6,4,,,,,,,,,,,2,3,,,,,,2,6,,4,1,2,,,,2,1,,3,2,2,2,2,1,3,9,1,7,,,,4,,,,,,,,1,,,,,2,2,3,4,,2,1,1,,,,,,2,,3,2,,2,2,2,1,1,1,,1,,,,,1,6,,1,4,4,4,,,2,2,2,2,1,1,,1,,,,,,,2,1,7,3,6,,,,,,1,1,,3,2,2,2,2,2,,,,,,,,,,,2,,,,1,1,,,,1,4,4,2,3,,2,,,,4,1,7,4,,,,,,,,,,,,,,
"Indo-European","Celtic",,"Indo-European","Germanic",,65,-17,ice,,,,,,,,,,,,,,,2,8,1,1,,,,,,,2,2,2,2,2,,,,3,2,3,2,6,,3,3,4,,,,,,,,,1,2,,4,6,1,3,7,,,,4,,,,,,5,1,,2,1,2,1,2,2,1,4,2,2,1,2,,,,,,2,,1,2,,2,2,1,1,1,1,,1,,,,,1,,,,4,4,3,,,,1,,,,,,,3,4,8,5,,,2,1,7,3,,,2,2,1,,,,,,,,,,,,,,,,,,,,,2,,,,,6,,,,1,1,4,16,,,13,1,,,4,1,1,4,,,,,,,,,,,,,,
"Indo-European","Celtic",,"Indo-European","Greek",,39,22,grk,3,2,3,4,2,1,1,2,3,2,,1,3,1,5,8,6,1,1,5,1,2,3,3,3,3,3,2,2,3,3,3,3,2,3,2,6,5,4,1,2,3,,3,3,1,,3,2,1,2,2,3,6,1,1,7,5,,,4,2,1,1,,,3,1,1,1,1,2,1,2,1,4,1,2,2,1,1,1,1,3,2,1,7,3,3,2,,2,2,1,1,1,1,,1,,,,,1,1,1,1,4,4,3,2,2,2,2,5,2,3,1,3,1,3,4,8,5,2,1,2,1,7,1,1,5,2,2,1,4,1,1,2,3,1,1,1,2,2,,1,,,,,2,2,1,1,1,,,,1,1,,,,1,4,4,16,3,,13,10,,,4,1,7,4,,,,,,,,,14,,1,6,4,
"Indo-European","Celtic",,"Indo-European","Celtic",,57,-4,gae,,,,,,,,,,,,,,,2,8,1,4,,,,,,,,,,,3,3,,,2,2,3,6,,,,1,4,,,,,,,,2,,,,,,5,,6,,,,,,,,,,,1,,,,,,4,,,,,,,,,,,,,3,,2,2,1,2,2,2,2,1,1,,1,,,,,1,6,1,1,4,4,4,,,,1,,,,,,,3,4,8,5,,,2,,,,2,1,2,1,1,4,4,3,,,,,,2,2,,,,,,,,,,,,,,,,1,,,,1,4,4,9,3,,,,,,,,,,,,,,,,,,1,,1,6,4,
"Indo-European","Celtic",,"Indo-European","Germanic",,52,0,eng,3,3,1,4,2,1,1,2,2,2,,1,3,1,1,4,4,1,1,5,1,5,1,2,2,2,2,2,2,3,2,2,3,2,2,2,6,4,4,1,1,3,,2,2,1,2,3,1,2,1,2,2,3,9,1,7,1,1,2,4,2,1,1,6,6,6,1,1,2,1,2,1,2,5,1,4,2,2,1,1,1,1,1,5,1,2,,1,2,1,2,3,1,1,1,1,,1,,,,,1,6,1,1,4,4,3,1,2,2,1,2,2,1,4,2,1,3,4,8,5,1,2,2,3,3,3,4,5,2,2,1,4,1,1,1,2,2,2,1,2,2,,1,7,7,1,1,1,2,1,1,2,,,,2,1,,,,1,4,4,2,3,,2,,,,4,1,7,4,,,,,,,,,,,,,,
"Indo-European","Celtic",,"Indo-European","Germanic",,56,10,dsh,,,,,,,,,,,,,,,1,6,4,,,,,,,,,,,,2,,,,,,,2,,,,3,1,,,,,,,,2,,1,,,,1,1,7,,,,4,,,,,,,,,,,,,2,4,1,4,2,2,1,1,,,,,,2,,1,2,1,2,1,1,1,1,1,,1,,,,,1,6,1,1,4,4,3,,,,1,,,,,,,,,,,,,2,,,,4,,,,,,,,,,,,,2,2,,2,,,,,,,,,2,,,,2,6,,,,1,1,4,16,,,13,1,,,4,1,1,4,,,,,,,,,,,,,,
"Indo-European","Celtic",,"Indo-European","Romance",,41.75,2,ctl,3,3,3,4,2,1,1,2,,,,1,2,1,1,3,6,5,1,1,,,,,,,,,,3,,,,,,,,,,,2,,,,,,,,,,2,,1,3,,1,7,,,,,,,,,,,,,,,,,,2,3,4,,2,1,2,,,,,,2,,3,2,,2,2,2,1,1,1,,1,,,,,,6,,,4,4,4,,,,2,,,,,,,,,,,,,2,,,1,6,,,,,,,,,,,,,2,2,,,,,,,,,,,2,,,,,15,,1,,1,1,4,19,3,,15,,,4,4,3,5,4,,,,,,,,,,,,,,
"Indo-European","Celtic",,"Indo-European","Armenian",,40,45,arm,1,2,4,3,1,3,2,2,3,2,,1,,1,1,5,5,4,1,1,,,,2,,,,,2,2,3,3,1,1,1,2,6,5,4,3,1,3,,3,,,3,6,2,,1,2,5,3,1,2,6,7,1,1,2,2,1,1,,,2,1,,1,1,2,3,2,1,2,4,2,2,3,2,,,3,2,1,7,1,1,3,6,1,1,1,1,1,7,2,2,,,,,1,6,2,1,5,5,5,2,2,2,2,2,4,1,,,1,3,4,8,5,2,2,5,3,1,,6,2,2,2,1,,,,,,,,,,,,1,,,,,,,,,2,,,,,7,,,,3,4,4,16,,,13,22,,,4,1,7,4,15,16,,,4,4,7,11,,,,,,
"Indo-European","Celtic",,"Indo-European","Celtic",,48,-3,bre,4,3,3,4,2,1,1,2,,,,2,3,1,6,8,1,,1,1,,,,,,,,,3,,,,,,,2,,,,1,1,,,,,,,,2,,,,,,7,1,7,,,,2,,,,,,,1,,,,,,2,1,,,,,,,1,1,,,,2,,2,2,,2,2,2,2,1,1,,1,,,,,3,1,1,1,4,4,4,,,,2,,,,,,,,,,,,,6,,,,1,1,2,2,1,1,,,,,,,,2,2,,,,,,,,,,,2,,,,,14,13,,,1,1,4,18,,,14,,12,,4,5,5,4,,,,,,,,,,,,,,
"Indo-European","Celtic",,"Indo-European","Albanian",,41,20,alb,3,3,3,4,2,1,1,2,3,,,3,3,1,,,,,1,5,,,,,,,,,2,,,,,,,2,,,4,3,1,,,,,,,2,1,,,2,4,6,1,1,6,5,1,,4,,,,6,5,3,1,,,,,,2,2,2,1,1,2,1,2,2,2,,,,2,,1,2,,2,2,2,1,1,1,,1,,,,,1,1,,1,4,4,4,,,2,2,5,2,3,,,1,,,,,,,2,1,7,,1,5,2,2,1,4,,,2,,,,,,,,1,,,,,,,,,1,,,,1,1,,,,1,4,4,2,3,,2,,,,4,1,7,4,,,,,,,,,,,,,,
"Indo-European","Celtic",,"Indo-European","Slavic",,42.5,25,bul,5,2,3,4,2,1,1,2,,,,1,3,1,,,,,1,1,,,,,,,,,2,,,,,,,2,,,2,1,,,,,,,,,,1,2,,1,3,9,,7,5,1,,4,,,,,,3,1,,1,1,2,3,2,1,4,1,2,,,,3,3,1,1,1,2,,3,2,1,2,3,1,1,1,1,,1,,,,,1,3,1,1,4,4,3,,,,2,,,,,3,,,,,,,,2,,,1,1,,2,2,1,,1,1,2,,,,,,,,,,,,,,,,,1,,,,1,1,,,,1,4,4,2,3,,2,,,,4,1,7,4,,,,,,,,,,,,,,
"Indo-European","Celtic",,"Indo-European","Slavic",,50,15,cze,,,,,,,,,,,,,,,2,8,1,1,,,,,,,,,,,3,,,,,,,2,,,,5,5,,,,2,1,,,,,,,,,1,,7,5,,,4,,,,,,,,,,,,,4,1,1,4,,,,,,,3,5,1,2,,1,2,,2,3,1,1,1,1,,1,,,,,,6,2,1,4,4,3,,,,2,,,,,,,,,,,,,1,,,,4,5,2,2,2,,,,,,,,,1,2,,,,,,,,,,,1,,,,2,3,,,,2,4,4,20,,,5,,,,4,2,7,4,,,,,,,,,,,,,,
"Indo-European","Celtic",,"Indo-European","Germanic",,52.5,6,dut,,,,,,,,,,,,,,,1,4,3,1,,,,,,,,,,,2,,,,,,,2,6,,4,1,1,,,,,,,3,2,3,1,2,1,3,9,,6,1,,2,4,,,,,,3,1,,,,,,2,4,1,4,,2,1,1,2,5,1,5,1,7,1,1,3,6,2,2,1,1,1,1,,1,,,,,,6,,1,5,5,5,,,2,1,2,2,1,,,1,,,,,,,2,,,2,4,5,2,2,1,4,,,,,,,,2,2,,,,,,,,,,,2,,,,2,6,,,,1,1,4,16,6,,13,15,,,4,8,7,1,15,9,,,4,4,1,11,,,,,,
"Indo-European","Celtic",,"Indo-European","Romance",,48,2,fre,3,3,1,4,2,3,1,2,3,1,,2,3,1,1,3,5,4,1,1,1,5,2,3,4,2,5,2,2,3,3,2,2,2,3,2,6,6,4,1,2,3,,3,1,2,5,3,2,2,2,2,1,1,7,1,7,1,1,1,4,2,1,1,6,2,3,1,1,1,1,1,1,2,2,1,4,2,2,1,1,2,5,3,5,1,2,,1,2,1,2,2,2,1,1,1,,1,,,,,1,1,1,1,4,4,4,1,2,2,1,2,2,1,1,3,1,3,4,8,5,,4,2,1,7,3,1,,2,2,1,4,1,1,1,3,2,2,2,2,2,,1,7,7,1,1,2,2,1,1,2,,,,,15,,2,,1,1,4,19,4,,15,,,3,4,5,3,4,,,,,,,,,,,,,,
"Indo-European","Celtic",,"Indo-European","Germanic",,52,10,ger,3,3,1,4,2,3,1,2,2,2,,2,3,1,1,4,3,1,1,1,1,2,1,2,2,2,2,2,2,3,3,2,3,2,3,2,6,4,3,1,2,3,,3,1,1,5,3,2,4,2,2,4,6,1,1,6,5,1,,4,2,1,1,,,3,,1,2,1,2,1,2,2,1,4,2,2,1,1,2,5,1,5,1,7,1,1,3,6,2,2,1,1,1,1,,1,,,,,1,6,1,1,5,5,5,2,2,2,1,2,2,1,1,3,1,3,4,8,5,1,2,2,1,7,2,4,,,,,,1,1,1,2,2,1,,2,2,,1,7,7,1,1,2,2,1,1,2,,,,2,6,,,,1,1,4,16,6,,13,15,,,4,8,7,1,15,9,,,4,4,1,11,,,,,,
"Indo-European","Celtic",,"Indo-European","Indic",,25,77,hin,5,2,4,4,2,1,1,2,3,1,,1,3,1,1,4,4,,1,1,1,1,2,2,3,2,5,2,2,1,3,2,2,2,3,2,6,4,4,5,5,3,,1,,,2,6,3,3,1,2,,,1,2,6,2,1,3,,2,1,1,6,6,2,1,1,1,1,1,3,2,1,2,4,2,2,1,2,1,1,3,5,1,1,,1,1,,1,1,1,1,1,4,,,,1,,,1,1,2,1,1,5,1,5,5,2,,2,2,1,1,2,1,3,4,8,5,2,2,2,3,3,1,1,1,2,2,1,1,2,2,1,,2,2,1,,,,1,,,,,2,2,1,1,1,,,,1,1,,,,1,4,4,7,3,,,,,,,,,,3,,,,4,4,1,11,,,,,,
"Indo-European","Celtic",,"Indo-European","Celtic",,53,-8,iri,,,,,,,,,3,2,,,,,2,8,2,4,,,,,,,,,,,4,3,3,2,,,,6,6,4,4,1,4,3,,3,3,1,3,3,1,2,1,3,2,2,5,1,7,,,,4,,,,,5,6,1,,,,,,4,1,2,1,2,2,1,1,1,1,3,2,1,3,,2,2,1,2,2,2,2,1,1,,1,,,,,,1,1,1,4,4,4,1,2,2,6,2,2,1,,,1,,,,,2,1,2,3,3,1,1,1,2,1,1,4,4,3,,2,2,2,1,2,2,,2,,,,,,,,,2,,,,2,1,,,,1,4,4,9,3,,,,,,,,,,,,,,,,,,1,,1,6,4,
"Indo-European","Celtic",,"Indo-European","Indic",,34,76,kas,4,3,3,2,2,1,1,2,,,,1,,1,,,,,1,1,,,,,,,,,,,,,2,2,3,,,,,,,,,,2,1,,2,2,3,1,2,4,4,,,5,2,,,,,,,,,,,1,,,,,,1,2,,2,2,1,1,,,,,,2,,1,2,1,1,1,1,1,1,7,,4,,3,,,,,2,,3,5,3,,,6,4,5,5,2,1,,1,3,4,8,5,,2,1,,,1,3,,,,,1,,,1,3,2,2,1,2,2,,,,,,,,,,,,,,,,4,,,,4,2,4,20,,,6,,,,4,8,2,4,,,,,,,,,,,,,,
"Indo-European","Celtic",,"Indo-European","Baltic",,57,24,lat,2,2,3,4,2,1,1,2,3,2,,1,3,2,2,8,1,5,1,1,,,,,,,,,3,,3,2,2,2,3,2,6,4,,2,2,3,,3,2,1,5,2,2,1,2,2,5,6,1,1,7,5,1,1,4,,,,,,4,1,1,2,1,1,3,4,3,1,4,2,2,1,1,2,2,1,5,1,2,,3,2,,2,1,1,1,1,1,,1,,,,,1,1,1,1,4,4,3,2,2,2,1,2,4,1,1,,1,3,4,8,5,2,2,1,3,3,1,1,1,2,2,2,4,1,1,1,,,,,,,,1,,,,,,,,,1,,,,,3,,,,2,4,4,20,,,5,,,,4,2,7,4,,,,,,,,,,,,,,
"Indo-European","Celtic",,"Indo-European","Indic",,19,76,mhi,,,,,,,,,,,,,,,,,,,,,,,,,,,,,2,,,,3,2,3,,,,,5,5,,,,2,1,2,,3,1,1,,5,2,1,1,,2,1,3,,,,,6,,,,1,,,,,2,4,4,1,,2,1,3,,,,,,1,,1,1,,1,1,1,1,1,2,1,,,,,,1,2,2,4,1,1,1,5,2,,,,,,1,,,,,,,2,2,,,,1,1,,,,,1,,,1,3,2,2,1,1,2,,,,,,,,,,,1,,,,,2,,,,4,1,4,8,4,,,,,,,,,,4,,,,4,4,8,1,,,,,,
"Indo-European","Celtic",,"Indo-European","Germanic",,61,8,nor,3,3,2,2,2,1,1,2,,,,2,3,2,1,4,4,4,1,1,,,,,,,,,2,,,,,,,2,,,3,3,2,,,,,,,,2,,1,,,,1,1,7,,,,4,,,,,,,,,,,,,2,4,1,4,2,,,,,,,,,2,,1,2,,2,3,1,1,1,1,,1,,,,,1,6,1,1,4,4,3,,,,1,,,,,,,,,,,,,2,,,,4,,,,,,,,,,,,,2,2,,,,,,,,,,,2,,,,,6,,,,1,1,4,16,,,13,1,,,4,1,1,4,,,,,,,,,,,,,,
"Indo-European","Celtic",,"Indo-European","Slavic",,52,20,pol,4,2,5,4,2,1,1,2,,,,1,3,1,6,8,1,1,1,1,,,,,,,,,2,,,,,,,2,,,1,5,5,,,,,,,2,2,1,2,2,6,6,1,2,7,5,,,,,,,,,,1,,,,,,2,1,1,4,,2,1,1,,,3,5,1,2,,3,2,,2,2,1,1,1,1,,1,,,,,1,1,1,1,4,4,3,,,2,3,2,2,1,,3,1,,,,,,,2,,,1,1,5,2,2,2,,,,,,,,,2,2,,,,,,,,,,,3,,,,,1,,,,1,4,4,2,3,,2,,,,4,1,7,4,,,,,,,,,,,,,,
"Indo-European","Celtic",,"Indo-European","Iranian",,32,54,prs,3,2,3,4,2,2,1,2,3,2,,1,3,1,7,8,1,,1,1,1,1,1,3,3,1,5,2,3,1,1,3,1,1,1,2,,4,3,4,,3,,3,2,3,6,3,2,2,1,3,2,2,9,1,5,1,2,2,4,2,1,1,2,2,3,1,1,1,1,2,4,4,2,1,2,2,2,3,2,3,3,3,5,1,1,,1,1,,2,2,2,1,1,1,,1,,,,,1,1,2,1,2,2,2,2,2,2,2,5,4,2,1,2,1,3,4,8,5,2,2,1,1,7,1,1,5,2,2,1,,4,3,2,3,1,1,1,,,,1,,,,,2,2,1,1,1,,,,1,3,,,,2,4,4,20,,,,,,,,,,,5,,,,4,4,2,11,,,,,,
"Indo-European","Celtic",,"Indo-European","Romance",,46,25,rom,3,3,3,4,2,1,1,2,,,,1,,1,1,3,6,,1,1,,,,,,,,,2,,,,,,,2,6,,,3,2,,,,,,,,3,1,2,,2,3,1,1,6,5,,,4,,,,,,,1,,1,1,2,4,2,2,3,1,,2,1,1,1,1,,,,2,,1,2,,2,2,2,6,1,1,,1,,,,,1,6,1,1,4,4,4,,,,,,,,,,,,,,,,,2,,,1,6,5,2,2,1,,,,2,,,,,2,2,,,,,,,,,,,,,,,,1,,,,1,4,4,2,3,,2,,,,4,1,7,4,,,,,,,,,,,,,,
"Indo-European","Celtic",,"Indo-European","Slavic",,44,19,scr,,,,,,,,,,,,,,,1,5,5,5,,,,,,,,,,,2,,,,,,,2,6,,,5,5,,,,,,1,,,1,,,5,6,1,,7,,,,4,,,,,,,1,,,,,,5,1,1,4,,2,1,1,,,3,1,1,2,,1,2,,2,3,1,1,1,,,,,,,,1,5,,1,4,,3,,,,2,,,,,,,,,,,,,2,,,1,1,5,2,2,1,,,,,,,,,1,2,,,,,,,,,,,1,,,,1,1,,,,1,4,4,21,,,11,,,,,,7,4,,,,,,,,,,,,,,
"Indo-European","Celtic",,"Indo-European","Germanic",,60,15,swe,,,,,,,,,,,,,,,1,4,4,5,,,,,,,,,,,2,,,,,,,2,6,,,3,2,,,,2,1,,,2,3,1,,2,3,9,1,7,,,,4,,,,,,5,1,,2,1,2,1,2,4,1,4,2,2,1,1,2,6,1,5,1,2,,1,2,1,2,1,1,1,1,1,,1,,,,,1,6,1,1,4,4,3,,,,1,,,,,,,,,,,,,2,,,3,4,5,2,2,1,,,,,,,,,,,,,,,,,,,,,2,,,,2,6,,,,1,1,4,16,,,13,1,,,4,1,1,4,,,,,,,,,,,,,,
"Indo-European","Celtic",,"Indo-European","Celtic",,52,-3,wel,,,,,,,,,,,,,,,6,8,1,,,,,,,,,,,,2,3,,,,,,2,,,,1,4,,,,2,2,,3,2,,1,3,1,1,9,3,7,,,,,,,,,,3,,,,,,,2,1,2,4,,2,3,2,,,,,,3,,2,2,1,2,2,2,2,1,1,,1,,,,,3,1,1,1,4,4,4,,,2,,2,2,1,,,1,,,,,,,2,,,,1,1,2,1,1,,,,,,,,,2,2,,,,,,,,,,,2,,,,,1,,,,1,4,4,9,3,,,,,,,,,,,,,,,,,,1,,1,6,4,
"Nilo-Saharan","Nilotic","Eastern Sudanic","Nilo-Saharan","Lendu","Central Sudanic",1.3333333333,30.25,nti,5,3,4,4,2,1,3,2,3,2,,1,1,3,,,,,1,3,,,,,,,,,4,,1,2,,,,4,3,7,,1,4,5,,4,3,1,1,6,1,2,2,3,1,3,9,2,6,,,,2,,,,,,,,,,,,,2,1,,1,2,,,,1,1,,,,7,1,1,3,6,1,1,1,1,1,,,,,,,,,5,3,2,5,5,5,1,1,2,2,5,2,3,,,2,,,,,,2,2,1,7,1,1,,,,,,,,2,3,1,1,,,,,4,,,,,,,,,,,,,,1,,,,1,4,4,16,,,13,18,,,1,8,1,4,15,12,,,1,1,8,11,,,,,,
"Nilo-Saharan","Nilotic","Eastern Sudanic","Nilo-Saharan","Nara","Eastern Sudanic",15.0833333333,37.5833333333,nar,2,2,3,2,3,1,1,2,,,,1,2,2,,,,,1,1,,,,,2,4,5,2,2,,,,,,,2,,,,2,,,,,,,,,,,,,,,6,,,,1,,,2,1,1,,,,1,,,,,,2,,,,,,,,,,,,,1,,1,1,,1,1,2,2,,1,,1,,,,,,,,,1,2,2,,,,,,,,,,,,,,,,,2,,,,1,,3,1,2,,,,,,,,,,,,,,,,,1,1,1,1,,,,,,1,,,,1,4,4,7,3,,,,,,,,,,3,,,,4,4,1,11,,,,,,
"Nilo-Saharan","Nilotic","Eastern Sudanic","Nilo-Saharan","Surmic","Eastern Sudanic",6.5,33.5,mrl,3,3,2,2,2,1,3,2,,2,,1,2,2,1,5,2,,1,5,,,,,,,,,3,,2,2,1,1,1,2,,7,,,,3,,2,,,,6,1,,,3,4,4,1,,,,,,2,,,,,,,,,,,,,4,5,,4,,2,,,1,1,4,2,3,3,,2,2,1,4,2,2,2,2,1,,1,,,,,,6,2,,5,4,4,3,2,2,2,5,2,2,2,,1,3,4,8,5,2,2,2,1,7,,6,,1,1,1,,,,2,,,,,2,,,,5,3,2,1,,,,,,,,,,1,,,,1,4,4,9,3,,,,,,,,,,,,,,,,,,1,,1,6,4,
"Nilo-Saharan","Nilotic","Eastern Sudanic","Nilo-Saharan","Nilotic","Eastern Sudanic",-3,36,maa,3,3,2,1,1,1,3,2,,,,1,2,2,,,,,1,1,5,1,5,4,,,,,5,,,,,,,2,,,,5,5,,,,,,,,,,,,,,3,,,,1,,,2,1,2,,,,1,,,,,,4,,,,,,,,,,,,,3,,2,2,,2,2,2,1,2,1,,1,,,,,2,1,2,1,4,4,4,,,,2,,,,,,,,,,,2,2,2,3,1,,1,5,3,1,1,1,4,4,,,,,,,,,,,,,,1,1,1,1,,,,,,7,,,,3,4,4,16,3,,,,,,,,,,,,,,,,,,12,,7,6,4,
"Nilo-Saharan","Nilotic","Eastern Sudanic","Nilo-Saharan","Moru-Ma'di","Central Sudanic",3.0833333333,30.9166666667,lug,4,3,3,4,2,1,7,3,,,,1,2,3,,,,,1,3,6,4,1,,4,2,5,2,5,,,,,,,2,5,,1,5,5,,,,,,,,,2,,,,,9,2,,,1,,,2,1,2,,,,,2,,,,,1,4,1,1,,,,,,,,,,7,1,1,3,6,1,1,2,2,2,1,,1,,,,,2,2,2,5,5,5,5,,,,,,,,,,,,,,,,,4,3,3,,1,,,,,,,,,,,,,,,,,,,,,1,2,1,2,,,,,,2,,,,4,1,4,16,6,14,9,,,,4,8,7,1,,,,,,,,,,,,,,
"Nilo-Saharan","Nilotic","Eastern Sudanic","Nilo-Saharan","Songhay",,16,0,kse,2,2,3,2,3,1,1,2,1,,,1,,,,,,,1,1,,,,,,,,,1,,1,1,1,1,1,8,,4,1,1,4,3,,1,1,1,1,6,1,2,2,2,1,3,9,,5,,,,4,,,,,,7,,2,1,4,2,4,5,1,4,3,2,2,,2,1,1,4,2,1,1,,1,1,5,1,1,2,2,2,1,,1,,,,,,5,1,1,1,2,2,1,1,1,1,1,1,1,4,2,1,1,1,5,1,3,4,2,3,3,1,1,,,,,,4,4,2,,,,,,,,1,,,,,1,1,1,1,3,,,,,1,,,,1,4,4,6,2,,,,,,,,,,2,,,,4,1,8,11,,,,,,
"Nilo-Saharan","Nilotic","Eastern Sudanic","Nilo-Saharan","Kunama",,14.5,37,knm,3,2,3,2,3,1,1,2,1,2,,1,2,2,1,4,6,4,1,1,7,1,1,,2,2,2,2,3,,1,2,,,,8,,5,,3,4,5,,5,2,2,,6,1,,2,2,6,2,6,2,6,,,,2,2,1,2,,,,2,,,,,,2,1,2,1,,2,,,1,1,4,2,5,1,,1,1,,1,1,2,2,2,1,,1,,,,,1,6,,,1,2,2,2,2,2,2,5,4,5,1,,1,,,,,3,2,1,3,3,,2,5,3,1,2,,4,4,,,,,,,,,1,,,,,,,,,,,,,,4,,,,4,2,4,20,,,,,,,,,,,6,,,,4,4,8,2,,,,,,
"Nilo-Saharan","Nilotic","Eastern Sudanic","Nilo-Saharan","Kuliak","Eastern Sudanic",3.75,34.1666666667,ik,4,3,3,4,2,1,1,2,,,,1,3,2,,,,,1,1,,,,,2,2,2,2,2,,,,,,,2,6,,2,,,,,,,,,,,,,,,,1,,,,,,,2,1,1,,,,,,,,,,2,1,,,,,,,,,,,,3,,2,2,,2,3,2,4,2,1,,1,,,,,,2,1,,4,4,4,,,,2,,,,1,,,,,,,,,2,,,,1,,1,1,2,,4,,1,,,,,2,2,,,,,,,,,,,,,,,,1,,,,1,4,4,9,3,,,,,,,,,,,,,,,,,,1,,1,6,4,
"Nilo-Saharan","Nilotic","Eastern Sudanic","Nilo-Saharan","Nilotic","Eastern Sudanic",8.5,28,din,3,3,2,2,2,1,1,2,,,,1,2,3,,,,,3,1,,,,,,,,,1,,,,,,,3,,,,3,,,,,,,,,,,,,,,,,,,,,2,,,,,,,2,,,,,,5,,,,,,,,,,,,,7,1,1,3,6,4,2,2,4,2,1,,1,,,,,2,6,2,1,5,5,5,,,,6,,,,,,,,,,,,,3,,,,5,5,1,1,1,,,,,,,,,,,,,,,,,,,,,1,,,,,1,,,,1,4,4,6,2,16,,,,,,,,,12,,,,4,1,8,11,,,,,,
"Nilo-Saharan","Nilotic","Eastern Sudanic","Nilo-Saharan","Nilotic","Eastern Sudanic",3,35.5,tna,,,,,,,,,,,,,,,,,,,,,,,,,,,,,6,,,,,,,6,,,,5,5,,,,2,,1,6,,,1,2,6,4,5,,6,,,,,,,,,,,2,,,,,,1,1,3,,,,,,,,1,5,1,3,,2,2,1,2,2,2,2,2,1,,1,,,,,,2,2,1,4,4,4,,,6,2,5,2,3,2,,1,,,,,1,2,1,,,,1,3,1,1,2,,,,,,,,,1,2,,,,,,,,,,,,,,,,3,,,,2,4,4,20,,,,,,,,,,,,,,,,,,,8,,2,6,4,
"Nilo-Saharan","Nilotic","Eastern Sudanic","Nilo-Saharan","Bongo-Bagirmi","Central Sudanic",11.6666666667,16,bag,4,3,3,2,2,1,3,2,1,1,,1,2,3,7,8,1,,1,1,1,5,2,4,1,4,5,2,3,2,1,2,1,1,1,8,6,6,,1,4,3,,1,,,1,6,1,2,1,3,1,1,9,2,,,,,2,2,1,1,,,,,2,1,4,2,4,4,5,1,4,2,2,,,,,4,5,1,2,,1,2,1,2,2,2,2,2,1,,1,,,,,,2,2,1,4,4,4,1,,2,,5,2,2,1,2,2,3,4,8,5,1,1,2,3,3,1,1,,1,1,2,,4,3,2,,,,,,,,1,,,,,1,2,1,1,,,,,,2,,,,4,1,4,4,6,,4,,,,4,8,7,1,,,,,,,,,,,,,,
"Nilo-Saharan","Nilotic","Eastern Sudanic","Nilo-Saharan","Fur",,13.5,25,fur,2,2,3,2,3,1,1,2,1,2,,1,2,2,,,,,1,1,,,,,2,2,2,2,3,,1,3,,,,6,,4,,,,3,,3,,,,6,1,,1,3,4,4,1,1,,,1,,4,2,1,1,,,,,,,,,,2,5,2,4,2,,2,,1,1,1,5,1,1,,1,1,,1,1,2,1,2,1,,1,,,,,,,2,,1,2,2,2,2,2,2,2,2,1,,,1,,,,,,,6,1,7,,,,,,,,4,4,,,,,,,,,1,,,,,1,1,1,1,,,,,,14,4,,,2,2,4,18,,,,,,,,,,,16,,6,,4,4,6,6,,,,,,
"Nilo-Saharan","Nilotic","Eastern Sudanic","Nilo-Saharan","Songhay",,17,-3,kch,2,2,3,2,3,1,1,2,,1,,1,2,1,,,,,1,1,2,5,5,2,2,2,2,2,1,,,,,,,7,6,,,1,,,,,,,1,6,,,2,2,,,9,3,,2,1,1,4,2,1,2,6,3,,,,,,,,5,,,,,,,,,,,,,2,,1,2,1,1,1,2,2,2,1,,1,,,,,2,6,3,1,3,4,4,,,1,1,1,1,1,,,1,,,,,,,4,,,,6,5,,,,,4,4,,3,,,1,,,,,,,,,,,,,,,,,,1,,,,1,4,4,2,3,,2,,,,4,1,7,4,,,,,,,,,,,,,,
"Nilo-Saharan","Nilotic","Eastern Sudanic","Nilo-Saharan","Western Saharan","Saharan",12,13,knr,4,3,3,4,2,1,1,2,1,2,,1,2,2,,,,,1,1,,,,,3,2,5,2,2,1,1,3,1,1,1,2,6,5,1,1,1,3,,3,2,,1,6,1,,,2,6,4,6,2,5,,1,3,2,2,1,1,4,2,6,2,2,1,1,1,3,2,1,4,4,2,2,3,3,1,1,1,2,1,1,,1,1,4,1,2,2,2,2,1,,1,,,,,2,6,1,5,1,2,2,2,2,2,2,5,2,4,1,,1,3,4,3,2,1,2,1,3,3,1,2,4,3,1,2,1,,,,3,1,1,1,1,2,,1,,,,,1,1,3,2,2,,,,,4,,,,4,2,4,20,,,,,,,,,,,6,,,,4,4,8,2,,,,,,
"Nilo-Saharan","Nilotic","Eastern Sudanic","Nilo-Saharan","Nilotic","Eastern Sudanic",2.1666666667,33,lan,4,3,1,2,2,1,1,2,1,1,,1,2,2,2,8,1,,3,1,3,5,4,4,1,1,1,2,4,3,1,2,1,1,1,2,3,3,4,4,3,3,,3,3,2,1,6,1,2,1,3,1,1,9,3,3,,1,1,,2,1,2,1,5,2,,2,1,4,2,4,3,1,4,4,2,2,3,2,1,1,4,5,1,2,,1,2,1,2,2,2,2,2,1,,1,,,,,,6,2,,4,4,4,1,1,2,2,5,3,2,4,4,2,1,2,3,2,3,2,2,1,7,4,6,4,,,,,4,3,1,3,1,1,1,,,,1,,,,,1,1,1,1,,,,,,1,,,,1,4,4,2,3,,2,,,,4,1,7,4,,,,,,,,,,,,,,
"Nilo-Saharan","Nilotic","Eastern Sudanic","Nilo-Saharan","Nilotic","Eastern Sudanic",-0.5,34.75,luo,3,3,3,2,2,1,1,2,,,,1,2,2,,,,,1,1,,,,,,,,,4,2,,,,,,2,,,,1,1,,,,3,2,,,,,,,,,9,2,5,2,1,,2,,,,,,,,,,,,,1,1,4,4,2,,,,,,,,,2,,1,2,1,2,2,2,2,2,1,,1,,,,,,6,2,,4,4,4,,,,2,,,,,,,,,,,,,2,,,,6,,3,1,2,,4,3,,,,,,2,,,,,,,,,,,,1,,,,,1,,,,1,4,4,16,,,13,2,,,1,1,7,4,,,,,,,,,,,,,,
"Nilo-Saharan","Nilotic","Eastern Sudanic","Nilo-Saharan","Maban",,13.75,20.8333333333,mab,3,3,3,4,3,1,1,2,,1,,1,3,2,,,,,1,1,,,,,,,,,3,,1,3,,,,2,,5,,1,,3,,3,,,,6,,,,3,3,2,3,,,,,,4,,,,,,,,,,,,,2,1,4,4,2,,,2,1,1,,,,1,,1,1,,1,3,2,2,2,1,,1,,,,,1,6,2,5,1,2,2,,,2,2,5,2,5,,,1,,,,,,2,1,3,3,,2,,,,,,,,,,,,,1,2,,,,,,,,,,,,,,,,15,,10,,4,3,4,19,,,,,,,,,,,17,,,8,4,4,8,9,,,,,,
"Nilo-Saharan","Nilotic","Eastern Sudanic","Nilo-Saharan","Nilotic","Eastern Sudanic",0.25,35,nan,1,3,1,1,1,1,1,2,,,,1,2,2,,,,,1,1,5,1,1,3,,,,,4,1,,,,,,2,,,,3,,,,,3,2,,6,,,,2,,,3,2,6,,,,2,2,1,1,4,5,,,,,,,,4,1,,1,2,,,,,,,,,3,,2,2,1,2,2,2,4,2,1,,1,,,,,,2,2,1,4,4,4,,,2,2,5,5,2,,,2,,,,,,,1,,,,1,,,,,2,4,,,,,,1,,,,,,,,,,,,,,,,,,3,,,,2,4,4,20,,,,,,,,,,,,,,,,,,,8,,2,6,4,
"Nilo-Saharan","Nilotic","Eastern Sudanic","Nilo-Saharan","Nubian","Eastern Sudanic",18.25,30.75,nbd,,,,,,,,,,,,,,,1,5,4,4,,,1,1,1,,2,2,2,2,2,,4,2,1,1,1,2,6,4,,4,1,3,,3,2,,,6,1,2,2,3,6,2,6,,,2,1,1,1,2,1,2,6,2,,,,,,,,2,1,2,4,2,3,,,1,1,,,,1,,1,1,,1,1,2,1,2,1,,1,,,,,1,6,2,4,1,2,2,2,2,2,2,2,2,1,1,,1,,,,,,2,1,2,1,,2,,,,,,4,,,3,3,3,1,1,2,,1,,,,,,,,,1,,,,,4,,,,4,2,4,20,,,,,,,,,,,6,,,,4,4,8,2,,,,,,
"Nilo-Saharan","Nilotic","Eastern Sudanic","Nilo-Saharan","Kuliak","Eastern Sudanic",2.5833333333,34.75,so,,,,,,,,,,,,,,,,,,,,,,,,,,,,,3,,,,,,,2,,,,,,,,,2,2,,6,,,,3,,,1,2,7,,3,,2,,,,4,,,,2,,,,,1,1,1,4,,,3,,,,,,,3,,2,2,,2,2,2,2,2,1,,1,,,,,,2,1,,4,4,4,,,2,2,2,5,1,1,,1,,,,,,,2,3,3,,1,4,,,,,4,,,,,,,,,,1,,,,,,,,,,,,,,1,,,,1,4,4,9,3,,,,,,,,,,,,,,,,,,1,,1,6,4,
"Australian","Bunuban",,"Australian","Pama-Nyungan",,-17,145.75,yid,1,1,3,1,1,1,1,2,1,2,,1,2,1,1,5,2,3,3,1,1,1,1,,,,,,2,1,2,1,1,1,1,9,1,4,2,5,5,3,1,1,3,,2,6,,1,,1,7,5,1,,,,1,2,4,,,,6,2,,1,2,,,,,2,4,2,1,2,,3,,1,1,,,,1,,1,1,5,5,1,2,6,2,5,,,,,1,,,6,2,,,5,2,4,2,1,5,1,1,1,1,1,2,2,1,5,4,2,2,2,1,7,,6,4,2,2,2,,2,,,3,3,,,,,,6,,,,,,,,,,,,,,1,,,,1,4,4,7,3,,,,,,,,,,3,,,,4,4,1,11,,,,,,
"Australian","Bunuban",,"Australian","West Barkly",,-18.6666666667,135.75,wam,2,1,4,1,1,1,1,2,1,2,,1,2,1,1,1,2,1,3,1,,,,,,,,,2,,2,3,4,2,2,,4,5,,,,5,,1,2,1,2,6,1,1,2,1,7,5,1,,,,,,,,,,,,8,,,,,,,2,5,,,2,3,2,3,1,1,,,,7,,3,2,,,,,1,,,,,,,,,,,,,,,,4,2,6,4,5,2,2,2,4,2,3,4,7,2,2,2,2,3,2,,,,,,,,,,1,3,1,1,,2,1,1,,,,,,,,,,3,,,,,1,,,,1,4,4,21,1,,,,,,,,,,,,,,,,,,,,,,,
"Australian","Bunuban",,"Australian","Tiwian",,-11.5,131,tiw,3,1,4,1,1,1,1,2,1,2,,1,2,1,6,8,1,1,1,1,1,5,6,3,1,4,5,2,6,1,1,2,2,2,2,2,3,4,,5,5,5,,5,2,1,,3,1,1,1,2,1,1,9,,1,4,1,1,4,1,1,2,6,2,,1,3,2,1,1,4,1,1,4,4,2,,2,,1,1,4,5,1,2,,1,2,1,2,1,1,1,1,1,,1,,,,,,2,3,1,4,4,3,1,1,2,2,5,2,4,3,2,2,3,4,5,1,,2,2,3,2,2,1,3,2,1,2,,,,,,1,1,,2,,,,,,,,1,1,1,1,3,,,,,1,,,,1,4,4,2,3,,2,,,,4,1,7,4,,,,,,,,,,,,,,
"Australian","Bunuban",,"Australian","Nunggubuyu","Gunwinyguan",-13.75,135.666666667,nug,3,1,4,1,1,1,1,2,1,2,,1,2,1,6,8,1,1,3,1,,,,,3,2,5,2,4,1,4,2,5,2,3,1,,5,2,5,5,5,,5,3,1,1,1,1,1,2,1,8,3,1,,1,,1,,,2,1,2,,,,,,,,,,2,5,2,1,2,1,3,3,1,1,2,5,1,7,,3,3,6,5,3,3,1,,1,,1,,,,,,5,1,3,5,5,5,1,1,5,2,5,5,5,,2,2,3,4,3,4,,2,2,3,6,,1,,,,,3,4,4,,3,,,1,2,1,1,,,,,,1,1,1,1,,,,,,1,,,,1,4,4,21,3,,,,,,,,,,,,,,,,,,,,,,,
"Australian","Bunuban",,"Australian","Pama-Nyungan",,-31.75,145.5,ngi,,1,4,1,1,1,1,2,1,2,,1,2,1,1,5,2,1,1,5,1,1,1,3,2,2,2,2,2,1,3,1,1,1,1,2,4,4,1,5,5,5,2,1,2,1,2,6,1,1,2,1,5,5,1,2,1,,1,,4,2,1,2,,,8,,,2,1,1,4,2,4,4,1,2,2,3,2,3,2,4,5,1,,,1,1,6,5,1,3,1,,7,,,,5,2,,,3,1,,,5,5,4,2,6,3,5,2,4,3,2,2,3,4,8,5,2,2,2,1,7,1,1,,2,2,1,,4,4,1,,2,3,1,2,1,1,,,,,,1,1,1,1,,,,,,1,,,,1,4,4,21,1,,,,,,,,,,23,,,,,,,,,,,,,
"Australian","Bunuban",,"Australian","Pama-Nyungan",,-20.8333333333,116.5,mrt,3,1,5,1,1,1,1,2,1,2,,1,2,1,2,8,2,1,3,1,1,1,1,2,2,2,2,2,2,2,3,1,1,1,1,2,,5,4,,,5,2,1,2,1,1,6,1,1,,1,8,6,1,2,1,1,1,,2,2,1,2,4,2,8,,,2,1,1,4,2,4,3,4,2,,3,,2,2,4,5,1,2,,1,2,1,5,3,2,1,1,5,,,,,1,,,6,1,,,5,4,2,2,1,5,1,1,1,3,2,1,3,4,8,5,2,2,2,1,7,,6,,,,,,4,5,1,3,3,3,3,2,2,,6,,,,,1,1,1,1,,,,,,1,,,,1,4,4,2,3,,2,,,,4,1,7,4,,,,,,,,,,,,,,
"Australian","Bunuban",,"Australian","Northern Daly","Daly",-13.4166666667,130.416666667,mlk,1,2,3,1,1,1,1,2,,,,4,3,1,1,1,5,1,3,1,,,,,5,2,5,2,,1,,,,,,,,,,,,,,,,,,3,,1,,1,6,3,1,,,,1,,,2,1,2,,,,,,,,,,5,,,,,,,,,,,,,,,1,1,,,3,2,2,2,,,,,,,,1,,3,,,,2,,,2,,5,2,2,,,2,,,,,,,2,,,,,,3,1,2,,,,,,,,,,,,,,,,,1,1,1,1,,,,,,1,,,,1,4,4,21,,,,,,,,,,,18,,,,,,,,,,,,,
"Australian","Bunuban",,"Australian","Iwaidjan",,-11.9166666667,133.5,mau,2,2,3,1,1,1,1,2,1,2,,1,3,1,6,8,1,1,1,1,1,5,1,3,1,4,5,2,5,1,1,3,5,2,2,7,,5,,,,5,,5,3,1,5,2,1,,2,2,1,3,9,,,,1,1,1,2,1,2,6,2,8,,,1,1,1,4,2,1,4,,,1,,,1,1,1,5,1,2,,1,2,1,2,1,1,1,1,1,,1,,,,,2,1,1,1,4,4,3,1,1,2,2,5,2,4,,4,2,3,4,8,5,,2,2,3,2,,1,,3,1,2,,4,,,,1,,,,,,,,,,,1,1,1,1,,,,,,1,,,,1,4,4,2,3,,2,,,,4,1,7,4,,,,,,,,,,,,,,
"Australian","Bunuban",,"Australian","Tangkic",,-17.05,139.5,kay,2,1,4,1,1,1,1,2,1,2,,1,2,1,2,8,7,1,3,1,1,4,5,3,2,2,2,2,2,1,3,1,1,1,1,9,1,5,3,1,2,5,,1,2,1,6,6,1,1,1,1,8,2,1,2,1,7,,2,,2,1,2,6,1,8,,,2,4,1,4,2,4,4,4,2,1,2,2,3,2,4,5,1,7,,1,3,6,5,1,1,1,1,1,,1,,,,,,6,2,,5,5,5,2,2,1,5,1,1,1,,2,1,3,4,8,5,2,2,1,3,5,,6,4,,,,,4,4,4,1,1,1,1,,,,6,,,,,1,1,1,1,,,,,,4,,,,4,2,4,,,,,,,,,,,,,,,,,,,,,,,,,
"Australian","Bunuban",,"Australian","Pama-Nyungan",,-17.8333333333,145.583333333,dyi,1,1,3,1,1,1,1,2,,,,1,2,1,2,8,1,1,3,1,,,,,2,2,2,2,2,1,,,4,2,2,,5,,2,,,,1,,2,1,,,1,1,,,6,5,1,,,,1,,,2,1,2,,2,,1,,,,,,2,1,4,,,,,,1,1,,,,7,,1,1,6,5,1,2,1,2,1,,1,,,,,,3,2,,,2,2,,,,,,,,4,,,2,1,5,1,,,2,,,,1,4,2,1,2,,,,,,,,,,,,,,,,,1,1,1,1,,,,,,1,,,,1,4,4,21,3,,,,,,,,,,22,,,,,,,,,,,,,
"Australian","Bunuban",,"Australian","Pama-Nyungan",,-28,139,diy,3,1,5,1,1,1,1,2,,,,1,2,1,2,8,1,1,3,1,,,,,2,2,2,2,2,1,,,2,2,2,,,,,2,,,2,,,,,,,1,,,,,1,,,,,,,2,1,2,,,,1,,,,,,2,,,,,,,,3,6,,,,1,,1,1,5,,1,2,1,2,5,,,,,1,,,6,1,,,5,2,,,,,,,,,,,1,2,3,2,1,2,2,,,,6,4,2,2,2,,4,,,,,,,2,,,,,,,,1,1,1,1,,,,,,1,,,,1,4,4,,,,,,,,,,,,,,,,,,,,,,,,,
"Australian","Bunuban",,"Australian","Bunuban",,-18.3333333333,126.333333333,goo,3,1,4,1,1,1,1,2,1,2,,1,2,1,2,8,4,1,3,1,7,1,1,4,3,2,5,2,5,1,1,3,1,1,1,8,,6,1,1,,5,,5,2,,1,6,1,1,1,2,8,3,8,2,1,1,1,2,2,2,1,2,4,2,8,,3,2,1,1,4,1,5,3,1,2,,2,,2,5,4,5,1,7,,1,1,6,3,3,2,1,1,,,,,,,,,,,,5,,2,4,4,2,2,5,4,5,3,4,2,2,2,8,5,2,1,2,1,7,1,,,,,,,2,2,,2,2,3,1,2,,,6,,,,,1,1,1,1,,,,,,1,,,,1,4,4,21,3,,,,,,,,,,22,,,,,,,,,,,,,
"Australian","Bunuban",,"Australian","Pama-Nyungan",,-24,136,amp,4,1,5,1,1,1,1,2,,,,1,2,1,,,,,3,1,1,1,1,3,2,2,2,2,2,1,,,,,,9,4,,,1,,,1,,3,1,1,,,2,,,,,6,,,,,,2,2,1,2,,,,1,3,,,,,2,,,,,,,,,,,,,1,,1,1,,1,,2,2,2,1,,1,,,,,,3,,,1,2,2,,,,1,,,,4,,,,,,,,,1,,,,1,1,2,2,2,1,,,1,,,,,2,1,1,,,,,,1,1,1,1,,,,,,4,,,,4,2,4,20,,,,,,,,,,,6,,,,4,4,8,2,,,,,,
"Australian","Bunuban",,"Australian","Pama-Nyungan",,-12.6666666667,136,djp,3,1,5,1,1,1,1,2,,,,1,3,1,,,,,3,1,,,,,2,2,2,2,2,1,,,,,,7,,,,,,,2,,,,,,,1,,,,,1,,,,,,4,2,1,1,,,,,,,,,,2,5,1,,,,,,1,1,,,,1,,1,1,5,,3,,1,3,,,,,,,,,1,,1,,,,,,,5,,,,,,,,,,,,,2,,,,3,,,,,,,,,3,1,2,1,2,2,,,,,,,1,1,1,1,,,,,,1,,,,1,4,4,5,1,,,,,,,,,,1,,,,1,4,8,11,,,,,,
"Australian","Bunuban",,"Australian","Pama-Nyungan",,-15,144.833333333,guu,,,,,,,,,,,,,,,2,8,1,1,,,,,,,,,,,2,,,,1,1,1,2,,4,,,,,1,,2,1,6,6,,1,,1,,,1,2,,,,,4,,,,,,,,,,,,,2,,,,,,,,1,1,,,,1,,1,1,,,3,2,1,2,,,,,,,,1,,2,,,,2,,,1,5,1,1,1,1,,2,,,,,,2,2,,,,,,2,1,2,,,,1,3,,,,2,2,,,,,,,,,,,,,,,,1,,,,1,4,4,7,3,,,,,,,,,,3,,,,4,4,1,11,,,,,,
"Australian","Bunuban",,"Australian","Pama-Nyungan",,-16,145,kya,1,1,3,1,1,1,1,2,,,,1,2,1,2,8,1,1,3,1,,,,,,,,,2,1,,,,,,5,4,,,,,,2,,,,,,,2,,,,,1,,,,,,4,,,,,,,,,2,1,2,4,2,,,,,,,,,,,,,1,,1,1,5,2,3,2,6,1,5,,,,,1,,,1,,1,2,5,2,,,,,,,,1,,,,,,,,,,,,,1,,,,,,,,1,,,,,,,,,1,1,7,5,,,,,,,,,,1,,,,1,4,4,21,,,,,,,,,,,14,,,,,,,11,,,,,,
"Australian","Bunuban",,"Australian","Western Daly","Daly",-13.6666666667,130,mku,1,2,2,1,1,1,1,2,,2,,1,3,1,2,8,1,1,3,1,,,,,,,,,1,2,1,3,,,,9,1,5,,,,5,,5,,,,3,,,,2,9,3,9,,,,,,2,,,,,,,,,,,,,5,5,2,4,2,2,3,3,1,1,4,5,1,1,,1,1,6,1,1,2,2,2,,,,,,,,2,6,1,,1,,2,1,,2,2,5,4,2,2,2,2,,,,,,,2,1,7,,6,,2,1,2,,2,,4,1,,1,,2,1,1,,,,,,,,,,3,,,,,15,,1,,1,1,4,19,1,,,,,,,,,,17,,,1,2,4,8,5,,,,,,
"Australian","Bunuban",,"Australian","Murrinh-Patha","Daly",-14.6666666667,129.666666667,mpa,3,1,4,2,2,1,1,2,,,,1,3,1,,,,,3,1,,,,,3,4,5,2,,1,,,,,,,,,,,,,,,,,,,,,,,,,,,,,,,,2,1,1,,,,,,,,,,,,,,,,,,,,,,,1,,1,1,5,4,2,2,2,,7,,3,3,,,,2,2,2,,5,5,2,,,,,,,,,,,,,,,,,,,,,1,,,,,,,,,,,,,2,1,1,,1,1,7,5,,,,,,,,,,1,,,,1,4,4,7,3,,,,,,,,,,3,,,,4,4,1,11,,,,,,
"Australian","Bunuban",,"Australian","Mangarrayi",,-14.6666666667,133.5,myi,2,2,3,1,1,1,1,2,1,2,,1,3,1,6,8,1,1,3,1,1,1,5,4,3,3,3,2,4,1,2,3,3,2,2,2,,6,2,1,,5,,5,,,2,6,1,1,,1,7,5,5,2,1,,1,,2,2,1,2,,,8,1,2,2,1,2,4,4,1,2,4,2,1,2,3,2,5,4,5,1,5,,1,1,,2,3,2,1,3,1,,1,,,,,,2,2,1,2,2,2,2,2,2,2,5,4,4,2,4,2,1,,8,5,,4,2,3,6,2,1,4,3,2,2,3,,,,3,2,1,1,2,2,,6,,,,,1,1,1,1,,,,,,1,,,,1,4,4,13,3,,,,,,,,,,,,,,,,,,,,,,,1
"Australian","Bunuban",,"Australian","Ngalakan","Gunwinyguan",-14.25,134,ngl,,,,,,,,,,,,,,,6,8,1,1,,,,,,,,,,,3,1,,,,,,9,2,,,5,5,,,,2,1,,3,,,,1,,,1,3,,,,,2,,,,,,,1,1,,,,,2,5,,4,2,,,,,,,,,7,,3,3,6,5,3,2,1,,1,,1,,,,,3,,,,5,5,5,,,6,,5,4,4,3,,2,,,,,,2,1,,,,,4,3,2,2,,,,4,,,,,,,,,,,,,1,1,1,1,,,,,,4,,,,4,2,4,,,,,,,,,,,,,,,,,,,,,,,,,
"Australian","Bunuban",,"Australian","Pama-Nyungan",,-26,130,pit,3,1,4,1,1,1,1,2,1,,,1,2,1,2,8,1,1,3,1,,,,,,,,,,,2,1,1,1,1,,,3,,,,3,1,1,,,4,6,1,,1,2,8,5,6,,,,,,,,,,,,,1,1,,,,,,4,1,4,2,1,3,3,2,4,,,,,,1,1,,1,1,2,2,2,7,,3,3,,,,2,,,,1,5,2,4,2,2,,5,4,4,2,,2,,,,,,4,5,3,1,,,4,2,1,2,,4,4,1,3,3,3,1,2,1,1,6,,,,,,1,,1,,,,,,10,,,,4,3,4,21,,,,,,,,,,,15,27,,,,,,,,,,,,
"Australian","Bunuban",,"Australian","Wororan",,-16.3333333333,126,ung,3,2,3,1,1,1,1,2,1,2,,1,2,1,1,1,2,4,3,1,,,,,1,2,5,2,1,1,1,3,,,,5,,5,,1,4,5,,5,,,,3,,,1,1,7,4,6,,,,1,,3,2,1,3,,,,,,,,,,5,,,,,3,3,3,1,1,,,,5,,1,1,5,1,3,2,2,2,1,,1,,,,,2,,2,1,1,2,2,1,1,6,2,5,2,3,,,2,,,,,2,1,2,3,2,,,,3,2,2,,4,4,,3,1,1,1,,,,,,,,,1,1,1,1,,,,,,1,,,,1,4,4,13,3,,,,,,,,,,,,,,,,,,,,,,,1
"Australian","Bunuban",,"Australian","Yangmanic","Gunwinyguan",-15.5,131,wrd,2,2,3,1,1,1,1,2,1,2,,1,3,1,6,8,1,1,3,1,1,1,1,,,,,,4,1,4,3,3,3,2,2,4,6,2,3,,5,,5,3,1,2,6,,1,,1,7,3,1,,1,,,,,,,,,,,,2,,,,,,1,3,,2,,2,,1,1,,,,7,,3,3,6,1,3,2,1,1,,,,,,,,,,2,,5,5,5,4,4,2,2,5,4,5,3,,2,2,1,8,5,,3,2,1,7,,,,,,,,4,,,3,3,1,,2,2,,,,,,,1,1,1,1,,,,,,1,,,,1,4,4,21,3,,,,,,,,,,,,,,,,,,,,,,,
"Australian","Bunuban",,"Australian","Tangkic",,-17.3333333333,138.833333333,yuk,,,,,,,,,,,,,,,,,,,,,,,,,,,,,2,1,,,,,,2,,,,,,,,,,,2,6,,,,1,,,1,2,,,1,,4,,,,,,,,,,,,,5,1,4,,,,,,1,1,,,,2,,1,1,,,1,1,1,,1,,1,,,,,,1,1,3,,2,1,,,6,3,5,5,4,,2,1,2,,,,,,6,,,,1,,,,,,,,,,,,,2,1,1,,,,,,1,1,1,1,,,,,,14,2,,,1,2,4,18,1,,14,,8,,3,8,6,4,,,,,,,,,,,,,,
"Afro-Asiatic","West Chadic","Chadic","Afro-Asiatic","Semitic",,16.5,38.5,tgr,4,2,4,4,3,1,2,2,,,,1,2,1,,,,,1,4,,,,,,,,,3,1,,,2,2,3,6,,,,1,2,,,,,,,,,,,,,,9,,,,,,2,,,,,,,1,,2,1,2,3,,1,3,4,2,2,3,3,,,,,,1,,1,1,,2,2,1,6,1,2,1,,,,,,,,2,5,2,1,1,,,,2,,,,,,,,,,,,,1,,,,,,2,2,1,,,,,,,,,,,,,,,,,,,,,,,,,,3,,,,2,4,4,20,,,,,,,,,,,5,,,,4,4,2,11,,,,,,
"Afro-Asiatic","West Chadic","Chadic","Afro-Asiatic","Eastern Cushitic","Cushitic",3,45,som,3,3,2,2,3,2,1,2,3,,,1,2,2,,,,,1,4,,,,,,,,,2,1,,,,,,2,6,,,3,4,,,,4,3,,,1,2,2,,3,2,9,2,4,,,,2,,,,,,,1,2,2,1,1,4,2,,,,2,2,2,3,,,,,,1,,1,1,,4,3,2,4,1,1,,1,,,,,1,4,2,1,5,2,2,,,,4,,,,3,,,,,,,,,2,2,5,1,1,4,3,1,2,,,,2,1,1,1,,,,,,,,,,,,,,1,,,,1,1,,,,1,4,4,7,3,,,,,,,,,,3,,,,4,4,1,11,,,,,,
"Afro-Asiatic","West Chadic","Chadic","Afro-Asiatic","West Chadic","Chadic",12.0833333333,10.9166666667,ngz,4,2,5,4,2,1,3,4,3,,,1,2,2,,,,,1,1,,,,,,,,,2,,,,,,,2,,,,1,1,,,,2,2,,,,,,,,,9,,,,1,3,2,,,,1,2,,,,,,,,2,,,,,,,,,,,,,2,,1,2,1,2,2,2,2,2,1,,1,,,,,2,6,2,5,4,4,4,,,,4,,,,,,,,,,,,,2,,,,6,,2,1,1,,,,,,,,,1,1,3,,,,,,,,,,,,,,,2,,,,4,1,4,4,6,,4,,,,4,8,7,1,,,,,,,,,,,,,,
"Afro-Asiatic","West Chadic","Chadic","Afro-Asiatic","West Chadic","Chadic",10.9166666667,9.6666666667,miy,,,,,,,,,,,,,,,,,,,,,,,,,,,,,2,1,,,2,2,3,2,6,,,1,1,,,,2,1,1,,,,1,,,,9,,,,1,,2,,,,6,,,,2,,,,,5,1,4,4,,,,,,,,,,7,4,3,2,1,2,2,2,1,2,1,,1,,,,,,2,3,1,4,4,4,,,,4,,,,2,,,,,,,,,6,3,3,1,1,,,,,,4,3,3,3,1,1,1,,,,,,,,,,,,,,,,,,14,14,,,1,1,4,18,,,14,,21,,4,5,5,3,,,,,,,,,22,7,5,2,3,
"Afro-Asiatic","West Chadic","Chadic","Afro-Asiatic","West Chadic","Chadic",10,12,knk,4,2,3,2,2,1,3,4,,,,1,2,2,,,,,1,1,,,,,,,,,2,,,,,,,2,,,,3,,,,,,,,,,,,,,,9,,,,,,4,2,1,2,,,,,,1,1,1,4,2,,,,,,,,,,,,,2,,1,2,1,2,2,3,2,2,1,,1,,,,,,2,2,1,4,4,5,,,,,,,,,,,,,,,,,6,,,,1,,2,1,1,,,,,,,,,,,,,,,,,,,,,,,,,,14,1,,,1,1,4,18,,,14,,1,,4,5,7,3,,,,,,,,,,,,,,
"Afro-Asiatic","West Chadic","Chadic","Afro-Asiatic","Southern Cushitic","Cushitic",-4,35.5,irq,4,2,5,2,2,2,5,4,1,2,,1,2,2,1,6,7,5,1,4,,,,,,,,,2,,1,2,2,2,3,2,6,4,,5,5,3,,3,4,2,1,4,1,2,,2,9,2,9,3,3,2,1,2,2,,,,6,5,7,,1,,,,,5,1,2,1,2,2,3,2,1,1,4,1,1,1,,1,1,6,2,2,2,2,2,1,,1,,,,,,6,2,,2,2,2,2,1,2,2,2,2,1,1,,1,3,4,8,5,,2,1,2,1,4,2,,3,1,2,,,,1,3,3,3,,,,,1,,,,,,,,,,,,,,4,,,,4,2,4,20,,,,,,,,,,,6,,,,4,4,8,2,,,,,,
"Afro-Asiatic","West Chadic","Chadic","Afro-Asiatic","West Chadic","Chadic",12,7,hau,4,2,4,4,3,1,5,2,3,2,,1,2,2,,,,,1,1,2,5,1,4,3,2,5,2,1,1,4,1,2,2,3,2,6,5,3,1,1,3,,1,4,1,1,1,1,2,,3,1,1,9,1,6,2,1,,2,2,1,1,,,7,2,2,2,4,2,4,5,2,4,3,2,2,1,2,1,1,4,5,1,2,,1,2,1,2,2,1,6,2,1,,1,,,,,2,2,3,1,4,4,3,1,1,1,4,1,1,1,3,2,1,3,4,3,2,1,2,2,3,3,1,1,4,2,1,1,2,4,3,2,3,2,1,,1,2,,1,,,,,1,1,1,1,1,,,,2,15,,1,,1,1,4,19,3,,15,,,1,4,3,7,3,,,,,,,,,,,,,,
"Afro-Asiatic","West Chadic","Chadic","Afro-Asiatic","Berber",,33,-5,bma,3,1,5,4,3,2,1,2,3,2,,1,3,1,7,8,1,,1,4,6,1,1,4,2,2,2,2,4,1,1,3,2,2,3,6,,5,,,,3,,3,,,1,1,1,,,3,2,4,2,2,6,,,,2,2,1,2,,,,2,2,1,4,2,4,4,1,3,4,2,2,,,,,4,1,1,3,,2,2,1,2,2,2,6,1,1,,1,,,,,,1,1,1,4,4,4,3,1,2,2,5,2,2,1,2,1,3,4,8,5,,2,2,2,5,1,1,,1,1,2,1,4,4,2,2,2,2,2,,,,1,,,,,1,1,3,2,3,,,,,,,,,,,,,,,,,,,,,,,,,,,,,,,,,,,,
"Afro-Asiatic","West Chadic","Chadic","Afro-Asiatic","Semitic",,26,49,arg,,,,,,,,,,,,,,,1,3,2,,,,,,,,,,,,3,,,,2,2,3,6,,,,3,4,,,,2,2,,,,,1,,,,9,2,6,,,,2,,,,,,,,,,,,,4,1,2,,,2,1,2,2,2,,,,2,,1,2,1,2,2,2,6,1,1,,1,,,,,1,6,2,1,4,4,4,,,,2,,,,,,,,,,,,,2,,,,6,,,,,1,,,,2,2,2,2,,,,,,,,,,,,,,,,,,1,,,,1,4,4,2,3,,2,,,,4,1,7,4,,,,,,,,,,,,,,
"Afro-Asiatic","West Chadic","Chadic","Afro-Asiatic","Semitic",,10,38,amh,4,3,4,2,2,1,2,2,3,,,1,2,1,,,,,1,1,,,,,,,,,3,1,,,2,2,3,2,,4,2,1,2,,,,,,,1,,,1,3,2,2,1,,,2,1,,2,2,1,1,,,2,1,,2,1,2,3,4,1,4,4,,2,1,3,,,,,,1,,1,1,,4,1,1,1,1,2,1,,,,,,,,2,2,5,1,1,,,2,2,5,2,2,2,,1,,,,,,2,6,,,,3,1,2,2,1,1,,,,,,,,1,2,,1,,,,,1,1,1,1,1,,,,,14,4,,,2,2,4,18,,,,,,,,,,,16,,6,,4,4,6,6,,,,,,
"Afro-Asiatic","West Chadic","Chadic","Afro-Asiatic","West Chadic","Chadic",9.5,8.8333333333,mup,,,,,,,,,,,,,,,,,,,,,,,,,,,,,1,,,,,,,7,,,1,1,1,,,,,,6,1,,,1,3,,,9,2,4,,1,,4,,,,5,,,,2,,,,,5,4,,,,,,,,,4,5,2,2,,1,2,1,2,2,2,2,2,1,,1,,,,,3,2,2,1,4,4,4,,,2,1,3,1,1,1,,2,,,,,,,4,,,,1,4,,,,,,,1,,,,2,1,2,,,,,,,,,,,,,,,,15,,2,,1,1,4,19,6,,15,,,5,3,8,7,2,,,,,,,,,,,,,,
"Afro-Asiatic","West Chadic","Chadic","Afro-Asiatic","Semitic",,30,31,aeg,3,2,4,4,3,4,1,2,3,2,,1,3,1,1,4,7,1,1,4,6,5,3,4,4,4,5,2,3,1,1,2,2,2,3,6,6,4,4,3,4,3,,3,2,1,5,1,1,2,,3,1,1,9,2,6,1,1,,2,2,1,1,,,6,1,1,1,1,1,4,4,1,3,4,2,2,1,1,1,1,4,2,1,2,,1,2,1,2,2,2,2,3,1,,1,,,,,2,1,2,1,4,4,4,1,1,2,2,5,4,2,4,2,1,3,4,8,5,2,2,2,1,7,1,1,1,2,2,2,,4,3,2,,,,,,,,1,,,,,1,1,1,1,1,,,,,15,,14,,3,2,4,19,3,,15,,,15,4,7,6,4,,,,,,,,,,,,,,
"Afro-Asiatic","West Chadic","Chadic","Afro-Asiatic","Semitic",,34,-6,amr,,,,,,,,,3,,,,,,,,,,,,,,,,,,,,3,,,,,,,6,,,,3,3,,,,,,,,,,,,,,9,,7,,1,1,2,,,,,2,,,,,,,,4,1,3,4,2,2,1,2,,,4,2,1,,,2,2,,2,2,2,1,1,1,,1,,,,,2,1,,1,4,4,4,,,,2,,,,,,,,,,,,,6,,,,1,,2,2,2,1,,,,,,,,1,2,,,,,,,,,,,,,,,1,14,4,,,2,2,4,18,,,,,,,,,,,,,,,,,,,22,6,6,4,4,
"Afro-Asiatic","West Chadic","Chadic","Afro-Asiatic","Beja","Cushitic",18,36,bej,3,2,3,2,3,1,1,2,3,,,1,3,2,1,4,1,,1,1,6,1,1,3,2,2,2,2,3,1,1,2,2,2,3,2,,4,,3,,3,,3,,,,1,,,,2,2,6,1,,,,,,2,2,1,1,,,,1,,1,1,2,3,2,1,2,,,2,3,,2,4,,,,1,,1,1,,1,1,3,5,,1,,1,,,,,,6,2,4,1,2,5,,,2,2,5,2,2,,,1,3,4,,,,2,1,3,5,,2,2,3,2,1,1,,,,,,,,,,,,,,,,1,1,1,1,,,,,1,3,,,,2,4,4,20,,,,,,,,,,,5,,,,4,4,2,11,,,,,,
"Afro-Asiatic","West Chadic","Chadic","Afro-Asiatic","Egyptian-Coptic",,26,32,cop,,,,,,,,,,,,,,,,,,,,,,,,,,,,,5,,,,,,,9,6,,,1,1,,,,,,,1,1,,,3,,,7,,6,,,,,,,,,,,2,2,,,,,5,,,4,,,,,,,,,,2,,1,2,1,2,2,2,6,1,1,,1,,,,,,1,2,1,4,4,4,,,2,,2,2,1,1,,1,,,,,,,1,,,1,1,1,3,1,2,,,,1,,,,,,,,,,,,,,,,,,,,,,15,,16,,3,1,4,19,,,15,,,14,3,4,5,4,,,,,,,,,,,,,,
"Afro-Asiatic","West Chadic","Chadic","Afro-Asiatic","Semitic",,31.5,34.8333333333,heb,,,,,,,,,3,2,,,,,7,8,1,1,,,6,5,3,3,2,2,5,2,3,1,1,2,2,2,3,2,6,4,4,3,2,3,,3,2,1,2,1,1,1,1,3,1,1,7,1,6,1,1,2,2,2,1,1,6,2,6,1,1,2,1,1,4,4,1,4,1,2,2,1,1,1,1,1,5,1,2,,1,2,,2,2,2,2,1,1,,1,,,,,3,1,1,1,4,4,4,2,2,2,6,2,4,1,1,3,1,3,4,8,5,2,2,2,3,1,1,1,1,2,2,2,1,4,3,1,2,1,1,1,2,2,,1,,,,,1,1,1,1,2,,,,1,1,,,,1,4,4,2,3,,2,,,,4,1,7,4,,,,,,,,,,,,,,
"Afro-Asiatic","West Chadic","Chadic","Afro-Asiatic","East Chadic","Chadic",9.8333333333,15.0833333333,ker,2,2,3,4,2,1,3,2,,,,1,2,3,1,5,7,5,1,1,,,,,,,,,2,,1,1,,,,1,,4,3,1,,5,,1,1,1,,1,1,,,2,9,2,1,1,6,,,,2,,,,,,,,1,,,,,2,5,4,3,2,2,3,3,1,1,,,,2,,1,2,,2,2,2,2,2,1,,1,,,,,,2,2,1,4,4,4,1,1,2,,3,1,1,1,,2,,,,,,,2,3,3,1,1,,,,,,,,1,,,,,,,,,,,,,,,,,,,,,,2,,,,4,1,4,4,6,,4,,,,4,8,7,1,,,,,,,,,,,,,,
"Afro-Asiatic","West Chadic","Chadic","Afro-Asiatic","East Chadic","Chadic",9.0833333333,15.5833333333,lel,,,,,,,,,,,,,,,,,,,,,,,,,,,,,2,,,,2,2,3,2,3,,,,1,,,,,,,1,,2,,2,,,9,,,,,,2,,,,,,6,,2,,,,,4,,,,,,,,,,,,,2,,1,2,,2,3,2,2,2,1,,1,,,,,,2,2,1,4,4,4,,,2,4,5,2,4,2,,2,,,,,,,2,,,1,1,,,,,,4,,1,,,,,,,,,3,1,5,3,,,,,,,,,,2,,,,4,1,4,4,6,,4,,,,4,8,7,1,,,,,,,,,,,,,,
"Afro-Asiatic","West Chadic","Chadic","Afro-Asiatic","Biu-Mandara","Chadic",11,13,mrg,4,1,5,4,2,1,3,4,,,,1,,2,,,,,1,1,,5,1,,,,,,3,,,,,,,8,,,1,1,4,,,,2,2,1,,,2,,,,,9,2,,2,1,3,2,2,1,2,6,2,,2,,1,4,1,3,4,1,,1,,,,,,,,,,2,,1,2,,2,2,2,2,2,1,,1,,,,,2,2,2,1,4,4,4,,,,,,,,,,,,,,,,,2,,,,1,4,3,1,2,2,,,,,,,,,,,,,,,,,,,,,,,,,2,,,,4,1,4,4,6,,4,,,,4,8,7,1,,,,,,,,,,,,,,
"Afro-Asiatic","West Chadic","Chadic","Afro-Asiatic","Eastern Cushitic","Cushitic",9,42,orh,4,2,4,4,3,1,5,2,3,2,,1,2,3,,,,,1,1,1,1,1,4,4,5,5,2,2,1,2,2,2,2,3,9,2,4,,5,5,3,,3,2,1,1,3,1,2,2,2,6,4,1,2,6,,1,,4,2,1,2,,,2,1,2,1,1,2,3,2,1,2,4,2,2,1,2,1,1,1,2,1,1,,1,1,3,1,2,2,2,2,1,,1,,,,,1,6,2,1,1,2,2,3,2,2,2,2,3,1,1,2,2,3,4,8,5,2,2,6,3,5,1,6,5,3,2,2,,4,4,3,3,1,1,,,,,1,,,,,1,1,1,1,1,,,,,14,6,,,2,4,1,18,,,,,,,,,,,16,,7,,4,4,6,11,,,,,,
"Afro-Asiatic","West Chadic","Chadic","Afro-Asiatic","Biu-Mandara","Chadic",11,11.8333333333,ter,5,2,5,4,2,1,3,4,,,,1,2,3,,,,,1,1,2,5,1,,,,,,2,,,,,,,8,,,,,,,,,,,,,,,,,,,9,1,,,,,2,2,1,2,,,,2,,,,,,5,1,3,,,,,,,,,,,2,,1,2,1,2,2,2,2,2,1,,1,,,,,,2,2,1,4,4,4,,,,,,,,,,,,,,,,,2,3,3,,1,4,,,,,,,,,,,,,,,,,,,,,,,,,,,,2,15,,2,,1,1,4,19,6,,15,,,2,4,5,7,2,,,,,,,,,,,,,,
